name,category,province,address,phone_mobile,phone_office
Klinik Makmur Jaya,Klinik Medis,Banten,"Jl. W R Supratman Jl. Kp. Utan No.29, Cemp. Putih, Kec. Ciputat Tim., Kota Tangerang Selatan, Banten 15412","",
Klinik Mutiara Bunda,Rumah Sakit,Banten,"Jl. Raya Ps. Kemis No.KM.7, RT.002/RW.003, Sukaasih, Kec. Ps. Kemis, Kabupaten Tangerang, Banten 15560",081332527527,
Klinik Pratama Makmur Jaya,Klinik Medis,Banten,"Jl. W R Supratman Jl. Kp. Utan No.29, Cemp. Putih, Kec. Ciputat Tim., Kota Tangerang Selatan, Banten 15412","",
Klinik Pratama Makmur Jaya 1,,Banten,,"",
Klinik Pratama Makmur Jaya 2,Klinik Medis,Banten,"Jl. Raya Puspitek No.5A, Bakti Jaya, Kec. Setu, Kota Tangerang Selatan, Banten 15315","",
Klinik Pratama Makmur Jaya 3,,Banten,,"",
Jisdan Bambang Y HM Dr,Dokter Umum,Daerah Istimewa Yogyakarta,"JL Pringgondani III 21 RT 005, Yogyakarta, 55281, Demangan, Gondokusuman, Yogyakarta City, Special Region of Yogyakarta 55221","",(0274) 885624
Klinik Gadjah Mada Medical Center,,Daerah Istimewa Yogyakarta,,081328786991,
Klinik Istiazah,Klinik Tanpa Perjanjian,Daerah Istimewa Yogyakarta,"Jalan Insinyur Haji Juanda No.55791, Area Sawah, Trirenggo, Kec. Bantul, Kabupaten Bantul, Daerah Istimewa Yogyakarta 55791","",02747182338
Klinik Madukismo,Klinik Medis,Daerah Istimewa Yogyakarta,"Jl. Padokan, Padokan Kidul, Tirtonirmolo, Kec. Kasihan, Kabupaten Bantul, Daerah Istimewa Yogyakarta 55184","",0274377049
Klinik Patalan,Klinik Medis,Daerah Istimewa Yogyakarta,"Jl. Parangtritis No.15, Patalan, Kec. Jetis, Kabupaten Bantul, Daerah Istimewa Yogyakarta 55781","",02747133099
Klinik Polres Bantul,,Daerah Istimewa Yogyakarta,,085643034560,
Klinik Pratama & Apotek TelkoMedika Yogyakarta,,Daerah Istimewa Yogyakarta,,"",1500115
Klinik Pratama At-Turots Al-Islamy,Klinik Medis,Daerah Istimewa Yogyakarta,"Karang Gayam, Sitimulyo, Piyungan, Bantul Regency, Special Region of Yogyakarta 55561",085163548100,
Klinik Pratama Avicena,Dokter,Daerah Istimewa Yogyakarta,"Tekik, Temuwuh, Kec. Dlingo, Kabupaten Bantul, Daerah Istimewa Yogyakarta 55783",081328486315,
Klinik Pratama Basuki Amalia,Klinik Medis,Daerah Istimewa Yogyakarta,"kweni rt 4, Kweni, Panggungharjo, Kec. Sewon, Kabupaten Bantul, Daerah Istimewa Yogyakarta 55188","",02748355008
Klinik Pratama Bunga Arsari,Klinik Medis,Daerah Istimewa Yogyakarta,"Sungapan Dukuh, Argodadi, Kec. Sedayu, Kabupaten Bantul, Daerah Istimewa Yogyakarta 55752",085100824965,
Klinik Pratama Cahya Medika,Klinik Medis,Daerah Istimewa Yogyakarta,"478C+98Q KLINIK PRATAMA CAHYA MEDIKA, Kamijoro, Sendangsari, Kec. Pajangan, Kabupaten Bantul, Daerah Istimewa Yogyakarta 55751",085643773220,
Klinik Pratama Cita Sehat Yogyakarta,,Daerah Istimewa Yogyakarta,,081312216946,
Klinik Pratama Darma Bakti Medika,,Daerah Istimewa Yogyakarta,,"",
Klinik Pratama Eny,,Daerah Istimewa Yogyakarta,,081328712274,
Klinik Pratama FIA,Klinik Medis,Daerah Istimewa Yogyakarta,"Jl, Gadingan, Sumberejo, Kec. Tempel, Kabupaten Sleman, Daerah Istimewa Yogyakarta 55552",081392317577,
Klinik Pratama Ibnu Abbas,Dokter,Daerah Istimewa Yogyakarta,"Jl. Parangtritis, Gabusan, Timbulharjo, Sewon, Bantul Regency, Special Region of Yogyakarta 55185","",02742810384
Klinik Pratama Jamii Husada,Klinik Medis,Daerah Istimewa Yogyakarta,"Jl. Sitimulyo Segoroyoso, Karang Gayam, Sitimulyo, Kec. Piyungan, Kabupaten Bantul, Daerah Istimewa Yogyakarta 55792","",02744353284
Klinik Pratama Kartika Husada,Klinik Medis,Daerah Istimewa Yogyakarta,"Jl. Sitimulyo Segoroyoso, Tegalrejo, Nglengis, Sitimulyo, Kec. Piyungan, Kabupaten Bantul, Daerah Istimewa Yogyakarta 55792","",02744353476
Klinik Pratama Karunia Husada,Klinik Medis,Daerah Istimewa Yogyakarta,"Jl. Tino Sidin No.128 A, Cobongan, Ngestiharjo, Kec. Kasihan, Kabupaten Bantul, Daerah Istimewa Yogyakarta 55182","",0274584670
Klinik Pratama Kedaton,Klinik Medis,Daerah Istimewa Yogyakarta,"Jl. Elnusa Raya No.121, Kedaton, Pleret, Kec. Pleret, Kabupaten Bantul, Daerah Istimewa Yogyakarta 55791",085100932710,
Klinik Pratama Laras Hati,,Daerah Istimewa Yogyakarta,,"",02748359333
Klinik Pratama Mitra Sehat,Klinik Medis,Daerah Istimewa Yogyakarta,"JL. Imogiri Timur, Km. 6, Dladan Baru Nglebeng Tamanan Banguntapan, Nglebeng, Tamanan, Bantul, Kabupaten Bantul, Daerah Istimewa Yogyakarta 55191","",02749103190
Klinik Pratama Nur Hidayah,Klinik Kesehatan,Daerah Istimewa Yogyakarta,"Jl. Imogiri Tim., Bembem, Trimulyo, Kec. Jetis, Kabupaten Bantul, Daerah Istimewa Yogyakarta 55781",082137832123,
Klinik Pratama Parama Satwika Polres Sleman,,Daerah Istimewa Yogyakarta,,"",
Klinik Pratama Pelita Hati,Klinik Kesehatan,Daerah Istimewa Yogyakarta,"Jl. Garuda No.176, Pringgolayan, Banguntapan, Kec. Banguntapan, Kabupaten Bantul, Daerah Istimewa Yogyakarta 55198","",0274452275
Klinik Pratama Pertamina,Pom bensin/SPBU,Daerah Istimewa Yogyakarta,"69GG+W7M PERTAMINA, Jl. Persatuan, Sendowo, Sinduadi, Kec. Mlati, Kabupaten Sleman, Daerah Istimewa Yogyakarta 55281","",0243545341
Klinik Pratama PKU Muhammadiyah Pakem,Rumah Sakit,Daerah Istimewa Yogyakarta,"Jl. Cangkringan km 0.4, Area Sawah, Pakembinangun, Kec. Pakem, Kabupaten Sleman, Daerah Istimewa Yogyakarta 55582","",
Klinik Pratama PMI Daerah Istimewa Yogyakarta,,Daerah Istimewa Yogyakarta,,"",(0274) 6499649
Klinik Pratama PMI DIY,,Daerah Istimewa Yogyakarta,,082332193396,0274 6499649
Klinik Pratama PMI Kota Yogyakarta,Klinik Kesehatan,Daerah Istimewa Yogyakarta,"Jl. Tegal Gendu No.25, Prenggan, Kec. Kotagede, Kota Yogyakarta, Daerah Istimewa Yogyakarta 55172","",(0274) 372176
Klinik Pratama Pulowatu Sisma Medikal,,Daerah Istimewa Yogyakarta,,081329934055,(0274) 896 014
Klinik Pratama Pulowatu Sisma Medikal,,Daerah Istimewa Yogyakarta,,081329934055,
Klinik Pratama SWA,,Daerah Istimewa Yogyakarta,,"",
Klinik Pratama UPN Veteran Yogyakarta,Klinik Medis,Daerah Istimewa Yogyakarta,"Jl. Pintu Selatan UPN Gorongan, Ngropoh, Condongcatur, Kec. Depok, Kabupaten Sleman, Daerah Istimewa Yogyakarta 55283",081315910287,0274 485705
Klinik Pratama UPN Veteran Yogyakarta,Klinik Medis,Daerah Istimewa Yogyakarta,"Jl. Pintu Selatan UPN Gorongan, Ngropoh, Condongcatur, Kec. Depok, Kabupaten Sleman, Daerah Istimewa Yogyakarta 55283","",
Klinik Pratama UPN Veteran Yogyakarta,Klinik Medis,Daerah Istimewa Yogyakarta,"Jl. Pintu Selatan UPN Gorongan, Ngropoh, Condongcatur, Kec. Depok, Kabupaten Sleman, Daerah Istimewa Yogyakarta 55283",082136292973,
Praktek Dokter Bambang Suryadi,Dokter Umum,Daerah Istimewa Yogyakarta,"59M4+3CF Praktek Dokter Bambang Suryadi, Jl. Bantul, Suryodiningratan, Kec. Mantrijeron, Kota Yogyakarta, Daerah Istimewa Yogyakarta 55142","",
Praktek Dokter Mandiri dr Dede Candra Permanda,Dokter Keluarga,Daerah Istimewa Yogyakarta,"89XW+GJ5 Praktek Dokter Mandiri dr Dede Candra Permanda, Jl. Pakem - Turi, Jambalangan, Purwobinangun, Kec. Pakem, Kabupaten Sleman, Daerah Istimewa Yogyakarta 55582","",
Praktek Dokter Mandiri dr. Loury Priskila,Dokter,Daerah Istimewa Yogyakarta,"Juwangen RT.13, RW.2, Cupuwatu I, Purwomartani, Kec. Kalasan, Kabupaten Sleman, Daerah Istimewa Yogyakarta 55571","",
Praktek Dokter umum Yuliaty Iskak S,Klinik Kesehatan,Daerah Istimewa Yogyakarta,"Jl. Jawa No.10, Dabag, Condongcatur, Kec. Depok, Kabupaten Sleman, Daerah Istimewa Yogyakarta 55281","",
Praktik Mandiri Dokter Hasto,Dokter,Daerah Istimewa Yogyakarta,"Jl. Pakel Baru Selatan No.28, Sorosutan, Umbulharjo, Yogyakarta City, Special Region of Yogyakarta 55162","",
Praktik Mandiri Dokter Sari,Dokter Umum,Daerah Istimewa Yogyakarta,"Jl. Pleret - Pathuk No.RT 02, Kedungpring, Bawuran, Kec. Pleret, Kabupaten Bantul, Daerah Istimewa Yogyakarta 55791",0895414387204,
PRAKTIK MANDIRI DOKTER UMUM - dr. Vanya Lisian,Rumah Sakit,Daerah Istimewa Yogyakarta,"893X+9F5 PRAKTIK MANDIRI DOKTER UMUM - dr. Vanya Lisian, Pencar Sari, Sardonoharjo, Kec. Ngaglik, Kabupaten Sleman, Daerah Istimewa Yogyakarta 55581","",
Praktik Mandiri dr. Diah Prasetyorini_2,Dokter,Daerah Istimewa Yogyakarta,"6FRC+68R Praktik Mandiri dr. Diah Prasetyorini_2, Ngajeg, Tirtomartani, Kec. Kalasan, Kabupaten Sleman, Daerah Istimewa Yogyakarta 55571","",
Praktik Mandiri dr. Dwi Astuti,Dokter,Daerah Istimewa Yogyakarta,"78JP+94P Praktik Mandiri dr. Dwi Astuti, Jl. Purbaya, Warak Kidul, Sumberadi, Kec. Mlati, Kabupaten Sleman, Daerah Istimewa Yogyakarta 55288","",
"Tempat Praktik Mandiri Dokter dr. Titin Widiawati, MMR",Dokter,Daerah Istimewa Yogyakarta,"Jl. Bantulan No.RT 05, Kauman, Gilangharjo, Pandak, Bantul Regency, Special Region of Yogyakarta 55761",082261338337,
UIN Sunan Kalijaga Health Center,,Daerah Istimewa Yogyakarta,,"",(0274) 519675
Klinik Pandawa Jakarta Barat,,DKI Jakarta,,"",
Klinik Pratama Semanan,Klinik Medis,DKI Jakarta,"Jl. Semanan Raya No.25, RT.1/RW.2, Semanan, Kec. Kalideres, Kota Jakarta Barat, Daerah Khusus Ibukota Jakarta 11850","",+62 21 54382401
Klinik Pratama Sentosa,Klinik Medis,DKI Jakarta,"Jl. Jengki No.11D, RT.2/RW.12, Kebon Pala, Makasar, East Jakarta City, Jakarta 13650",081285786467,
Klinik Pratama Veteran,Klinik Medis,DKI Jakarta,"Jl. Bukit Duri Barat No.88B, RT.9/RW.3, Bukit Duri, Kec. Tebet, Kota Jakarta Selatan, Daerah Khusus Ibukota Jakarta 12840","",
Praktik Dokter Umum Al-Jairy,Dokter Umum,DKI Jakarta,"Jl. H. Djairi No.5, RT.5/RW.2, Rawa Buaya, Cengkareng, West Jakarta City, Jakarta 11740",085210658100,
Rumah Sakit YPK Mandiri,Rumah Sakit Umum,DKI Jakarta,"22, Jl. Gereja Theresia No.22, RT.7/RW.4, Gondangdia, Kec. Menteng, Kota Jakarta Pusat, Daerah Khusus Ibukota Jakarta 10350","",(021) 3909725
Superindo Cahaya Mandiri PT,,DKI Jakarta,,"",021 6338867
Cita Sehat Foundation,Lembaga Swadaya Masyarakat (LSM),Jawa Barat,"Jl. Sanggar Kencana Utama No.22 Komp. Sanggar Hurip Estate, Jatisari, Kec. Buahbatu, Kota Bandung, Jawa Barat 40286",081320177170,
Klinik Pratama Amalia,Klinik Medis,Jawa Barat,"Jl. Gedebage Selatan No.8, Selatan, Rancabolang, Kec. Gedebage, Kota Bandung, Jawa Barat 40294","",
Klinik Pratama Derwati,Klinik Kesehatan,Jawa Barat,"Ruko Gedebage Selatan, Jl. Derwati Mas No.17, Bodogol, Derwati, Kec. Rancasari, Kota Bandung, Jawa Barat 40292",085861868000,
"Klinik Pratama Sehat Mandiri (Dokter Umum, Dokter Gigi, Apotek)",Klinik Medis,Jawa Barat,"Jl. Abdul Rahman Saleh No.23, Husen Sastranegara, Cicendo, Bandung City, West Java 40174",081110126909,
Klinik & Apotek Bina Sehat Semarang,,Jawa Tengah,,"",(024) 354-5000
Klinik Pertamina IHC Semarang,,Jawa Tengah,,"",150442
Klinik Pratama Bina Sehat,Rumah Sakit,Jawa Tengah,"RT 01 RW 02, Tempelsari, Jl. Wonosobo - Purworejo, Ngabean, Maduretno, Kalikajar, Wonosobo Regency, Central Java 56372","",02746461205
Klinik Pratama Bina Sehat,Rumah Sakit,Jawa Tengah,"RT 01 RW 02, Tempelsari, Jl. Wonosobo - Purworejo, Ngabean, Maduretno, Kalikajar, Wonosobo Regency, Central Java 56372","",(024) 3545000
Klinik Pratama Cahaya Husada,Klinik Medis,Jawa Tengah,"Getas, Getas Pejaten, Kec. Jati, Kabupaten Kudus, Jawa Tengah 59343","",02746460986
Klinik Pratama Diponegoro I,,Jawa Tengah,,"",
Klinik Pratama Gombel,Klinik Kesehatan,Jawa Tengah,"Jl. Taman Teuku Umar No.32, Tinjomoyo, Kec. Banyumanik, Kota Semarang, Jawa Tengah 50262","",(024) 76407376
Klinik Pratama Hutama Medika,Klinik Medis,Jawa Tengah,"Jl. Puspanjolo Selatan No.59A, Bojongsalaman, Semarang Barat, Semarang City, Central Java 50141","",
Klinik Pratama Mardi Santoso,Klinik Kesehatan,Jawa Tengah,"RT.004/RW.004, Getas, Kalirejo, Kec. Undaan, Kabupaten Kudus, Jawa Tengah 59372","",
Klinik Pratama Parma,Klinik Kesehatan,Jawa Tengah,"Jl. Majapahit No.384, Palebon, Kec. Pedurungan, Kota Semarang, Jawa Tengah 50246","",(024) 76745076
Klinik Pratama Rahmatika,Dokter,Jawa Tengah,"Kp, Jl. Raya Pengkol Jl. Gg. 2, Mangunsari, Kec. Gn. Pati, Kota Semarang, Jawa Tengah 50227","",
Klinik Pratama Rawat Inap Unimus,,Jawa Tengah,,"",
Klinik Pratama Rawat Inap Unimus,,Jawa Tengah,,"",
Klinik Pratama Sandjojo Sehat,,Jawa Tengah,,"",
Klinik Pratama Soegijopranoto Bongsari,,Jawa Tengah,,"",
Klinik Pratama UIN Walisongo Semarang,,Jawa Tengah,,"",
Klinik SAT Brimob Semarang,Klinik Kesehatan,Jawa Tengah,"Jl. Jenderal Pol Anton Sujarwo No.218, Srondol Wetan, Kec. Banyumanik, Kota Semarang, Jawa Tengah 50263","",
Klinik Satmoko,Klinik Kesehatan,Jawa Tengah,"Jl. Kelud Raya No.4, Petompon, Kec. Gajahmungkur, Kota Semarang, Jawa Tengah 50237","",
Puslakes UNNES,,Jawa Tengah,,"",
Faskes 1 BPJS Klinik Pratama OPTIMA 2,,Jawa Timur,,"",(031) 8711203
Klinik Pratama Rahmat Medika,Klinik Kesehatan,Jawa Timur,"Jl. Cemara No.269, Karangsari, Kec. Sukorejo, Kota Blitar, Jawa Timur 66125",085107195644,
Klinik Pratama Rahmat Medika,Klinik Kesehatan,Jawa Timur,"Jl. Cemara No.269, Karangsari, Kec. Sukorejo, Kota Blitar, Jawa Timur 66125",085107195644,
3KDC Klinik Gigi Semarang,Klinik Gigi,,"Jl. Singosari Raya No.77A, Pleburan, Kec. Semarang Sel., Kota Semarang, Jawa Tengah 50241",08112607706,
AA Medika Praktik Dokter Mandiri,Dokter Umum,,"Jl. Watuburik, Balong, Wonorejo, Kec. Gondangrejo, Kabupaten Karanganyar, Jawa Tengah 57188",082241101218,
Aesthetic Clinic Revolushine klinik kecantikan surabaya barat,Klinik Medis,,"Plaza Graha Famili, Ruko, Jl. Mayjend. Jonosewojo D-3A, Pradahkalikendal, Kec. Dukuhpakis, Surabaya, Jawa Timur 60227",087736386388,
"Aeternus. Praktek Mandiri dr. Bias Rahadian Surya, M.Biomed(AAM)",Dokter Umum,,"Jl. Karyawiguna No.88 A, RT.003/RW.001, Babatan, Tegalgondo, Karang Ploso, Malang Regency, East Java 65152",08551238901,
Akupuntur Malang Medistra - Praktek Dokter,Klinik Akupunktur,,"Jl. Kyai H. Wahid Hasyim No.9, Kauman, Klojen, Malang City, East Java 65119",08123386788,
Akupuntur Yogyakarta Dr David,Klinik Akupunktur,,"Jl. Nyi Pembayun No.4, Prenggan, Kotagede, Yogyakarta City, Special Region of Yogyakarta 55172",082330642611,
Apotek Azman Farma dan Praktek Mandiri Dokter,Ahli Pengobatan Holistis,,"Ruko Perumahan Jl. Batusari No.4 Aster Village Ciwastra, RT.001/RW.001, Buahbatu, Kec. Bojongsoang, Kabupaten Bandung, Jawa Barat 40287",089531646965,
Apotek Nugroho dr. Sasmito Nugroho,Dokter Anak,,"Jl. Diponegoro No.19, Kurahan, Bantul, Kec. Bantul, Kabupaten Bantul, Daerah Istimewa Yogyakarta 55711",02746461044,
Apotek Tika Farma,Apotek,,"Jl. Lawu No.360, Badran Asri, Cangakan, Kec. Karanganyar, Kabupaten Karanganyar, Jawa Tengah 57712",02716491797,
ATM Bank Mandiri - KCP Semarang Rumah Sakit Kariadi,ATM,,"Jl. DR. Sutomo No.16, Randusari, Kec. Semarang Sel., Kota Semarang, Jawa Tengah 50244",0248412503,
Audy Dental Semarang | Klinik Dokter Gigi Spesialis,Klinik Gigi,,"Sebelah PHD, Jl. Gajahmada, RT.007/RW.005, Miroto, Semarang Tengah, Semarang City, Central Java 50134",02486578341,
AVERROES BEAUTY CARE dan praktek dokter mandiri,Dokter,,"Jl. J.A. Suprapto No.101, Cepokomulyo, Kec. Kepanjen, Kabupaten Malang, Jawa Timur 65163",081515147418,
Ayuko Skin Clinic Semarang,Klinik Perawatan Kulit,,"Jl. Singosari Raya No.47A, Pleburan, Semarang Selatan, Semarang City, Central Java 50241",081129408889,
Balai Kesehatan An Nur 1,Dokter,,"Jl. Raya Diponegoro, Bululawang, Kec. Bululawang, Kabupaten Malang, Jawa Timur 65171",085338483836,
Bank Mandiri Bantul,Bank,,"Jl. Jend. Sudirman No.156, Nyangkringan, Bantul, Kec. Bantul, Kabupaten Bantul, Daerah Istimewa Yogyakarta 55711",0274368469,
Bank Mandiri MERR,Bank Tabungan,,"Jl. Dr. Ir. H. Soekarno No.386, Kedung Baruk, Kec. Rungkut, Surabaya, Jawa Timur 60298",0318784372,
Bank Mandiri Surabaya RS Unair,Bank,,"UNAIR Kampus C Jalan Mulyorejo, Mulyorejo, Kec. Mulyorejo, Surabaya, Jawa Timur 60115",0315951786,
B Clinic Bandung,Klinik Perawatan Kulit,,"Jl. Supratman No.34, Sukamaju, Kec. Cibeunying Kidul, Kota Bandung, Jawa Barat 40114",085792600000,
B Clinic Semarang,Klinik Perawatan Kulit,,"Jl. MH Thamrin No.65, Miroto, Kec. Semarang Tengah, Kota Semarang, Jawa Tengah 50134",08561231999,
B Clinic Surabaya,Klinik Perawatan Kulit,,"Jl. Raya Bukit Darmo No.19, Putat Gede, Sukomanunggal, Surabaya, East Java 60189",08155555800,
Beauty Medika Malang | Klinik Kecantikan Malang,Klinik Perawatan Kulit,,"Grand Ruko, Jl. Soekarno Hatta No.9, Mojolangu, Kec. Lowokwaru, Kota Malang, Jawa Timur 65142",0341481666,
Bening's Clinic Malang,Ahli estetika,,"Jl. Pahlawan Trip No.19a, Oro-oro Dowo, Kec. Klojen, Kota Malang, Jawa Timur 65119",085174449929,
Bening's Clinic Semarang,Klinik Perawatan Kulit,,"Benings Clinic Semarang, Jl. Mayjend Sutoyo No.59, Pekunden, Kec. Semarang Tengah, Kota Semarang, Jawa Tengah 50134",02476530101,
Bening's Clinic Surabaya,Klinik Perawatan Kulit,,"Jl. Raya Darmo No.143, Darmo, Kec. Wonokromo, Surabaya, Jawa Timur 60241",03199539603,
Bidan Mandiri,Dokter Kandungan,,"29XJ+3RR Bidan Mandiri, Siuk 2, Selopamioro, Kec. Imogiri, Kabupaten Bantul, Daerah Istimewa Yogyakarta 55782","",
Bidan Ny. Sri Sulami,Bidan,,"Jl. Mayjen Sungkono No.34A, Buring, Kec. Kedungkandang, Kota Malang, Jawa Timur 65137",081252524845,
Bidan praktek mandiri,Rumah Sakit,,"378J+V2G Bidan praktek mandiri, Unnamed Road, Jigudan, Triharjo, Kec. Pandak, Kabupaten Bantul, Daerah Istimewa Yogyakarta 55761","",
Bidan Praktek Mandiri Afah Fahmi,Pusat Kesehatan Masyarakat,,"Jl. Asem IIIB No.10, RW.12, Asem Rowo, Kec. Asem Rowo, Surabaya, Jawa Timur 60182",085852320023,
Bidan Praktek Mandiri Farida Kusuma Ayu,Klinik Kesehatan,,"FWJ2+2VX Bidan Praktek Mandiri Farida Kusuma Ayu, Kebak Kramat, Kebak, Kec. Kebakkramat, Kabupaten Karanganyar, Jawa Tengah 57762","",
Bidan Praktek Mandiri Ika Farida,Rumah Sakit Bersalin,,"7XVX+HQC Bidan Praktek Mandiri Ika Farida, Nglambang, Jumapolo, Kec. Jumapolo, Kabupaten Karanganyar, Jawa Tengah 57783",081915373888,
Bidan Praktek Mandiri Isayanti K,Bidan,,"Jl. Kauman Asri II No.25, Benowo, Kec. Pakal, Surabaya, Jawa Timur 60195",081230174818,
"bidan praktek mandiri KISTI ARUM BAYUMI,SSi.T",Dokter Kandungan,,"8CXP+557 bidan praktek mandiri KISTI ARUM BAYUMI,SSi.T, Tanjung, Wukirsari, Kec. Cangkringan, Kabupaten Sleman, Daerah Istimewa Yogyakarta 55583","",
Bidan Praktek Mandiri Qurina & Aurellia,Dokter,,"Jl. Tembok Dukuh Gg. V No.63, RT.009/RW.01, Tembok Dukuh, Kec. Bubutan, Surabaya, Jawa Timur 60173",085870349039,
Bidan Praktek Mandiri Ratna Karuniawati,Dokter,,"Unnamed Road, Karangjati, Planggu, Trucuk, Klaten Regency, Central Java 57462","",
Bidan Praktek Mandiri Siti Alfiyah,Bidan,,"Jl. Tambak Dalam Baru II No.4, Asem Rowo, Kec. Asem Rowo, Surabaya, Jawa Timur 60182",085100162330,
"BIDAN PRAKTIK MANDIRI — KRISTUTI CATUR SUMARAH, S.Tr. Keb",Klinik Medis,,"C2W4+HC7 BIDAN PRAKTIK MANDIRI — KRISTUTI CATUR SUMARAH, S.Tr. Keb, RT.001/RW.001, Jatimulyo, Gentungan, Mojogedang, Karanganyar Regency, Central Java 57752","",
Bidan Praktik Mandiri Sri Wardani,Dokter,,"Danguran, Kec. Klaten Sel., Kabupaten Klaten, Jawa Tengah 57425","",
BP Laras Hati,Klinik Tanpa Perjanjian,,"JL. Parangtritis, Km. 06, Glondong RT 007, Glondong, Panggungharjo, Sewon, Bantul Regency, Special Region of Yogyakarta 55188",085101359333,
Clariskin Clinic Surabaya Barat,Klinik Perawatan Kulit,,"Ruko, Jl. Bukit Darmo Golf, RO7, Pradahkalikendal, Kec. Dukuhpakis, Surabaya, Jawa Timur 60226",08113302999,
Darma Bakti Medika dr.Iqnu Sasminta Bhakti,Klinik Medis,,"Jl. Srandakan, Juwono, Triharjo, Kec. Pandak, Kabupaten Bantul, Daerah Istimewa Yogyakarta 55761",081228899998,
Deeva Aesthetic clinic klaten,Salon Kecantikan,,"Jl. Pemuda No.234, Mlinjon, Tonggalan, Kec. Klaten Tengah, Kabupaten Klaten, Jawa Tengah 57414",082327655064,
DINAS KESEHATAN KOTA BANDUNG,Konsultan Kesehatan,,"Dinas Kesehatan Kota Bandung, Jl. Supratman No.73, Cihapit, Kec. Bandung Wetan, Kota Bandung, Jawa Barat 40114",08112223167,
Dinas Kesehatan Kota Yogyakarta,Dinas Kesehatan,,"Walikota Yogyakarta, Jl. Kenari No.56, Muja Muju, Kec. Umbulharjo, Kota Yogyakarta, Daerah Istimewa Yogyakarta 55165",0274515869,
"Dokter BUDI HARTOYO, Jaten, Karanganyar",Dokter,,"Gang Balong, RT.02/RW.8, Balong, Jetis, Kec. Jaten, Kabupaten Karanganyar, Jawa Tengah 57731",08122982917,
Dokter Esti,Dokter,,"Berbah Kali, Kalitirto, Kec. Berbah, Kabupaten Sleman, Daerah Istimewa Yogyakarta 55573",082223815241,
Dokter Etik Nuryani,Dokter Umum,,"CW4R+MXX Dokter Etik Nuryani, Cangakan Timur, Cangakan, Kec. Karanganyar, Kabupaten Karanganyar, Jawa Tengah 57716",081393249795,
Dokter Gigi Malang - drg. Michael H SP.KG,Dokter Gigi,,"Jl. Bromo No.70, Oro-oro Dowo, Kec. Klojen, Kota Malang, Jawa Timur 65119",0818530877,
Dokter Gigi Tlogomas Malang - AADC Dental Care,Klinik Gigi,,"Samping Bank Mandiri, Jl. Raya Tlogomas No.18, Tlogomas, Lowokwaru, Malang City, East Java 65144",085555555055,
Dokter Hewan House Call dan Praktik Mandiri Surabaya Timur,Dokter Hewan,,,081336199639,
Dokter Hewan Praktik Mandiri Laurensius,Dokter Hewan,,"Mulyosari Utara IX No.14, Kalisari, Kec. Mulyorejo, Surabaya, Jawa Timur 60112",082360002552,
Dokter Indarwati B,Dokter Umum,,"Jl. Karanganyar - Matesih, Temu Ireng, Tegalgede, Kec. Karanganyar, Kabupaten Karanganyar, Jawa Tengah 57714","",
Dokter Ivan Oetomo. MPH,Dokter Umum,,"Jl. Bougenville No.C2, RT.03/RW.03, Gatak, Gajahan, Kec. Colomadu, Kabupaten Karanganyar, Jawa Tengah 57176","",
"Dokter Muzayyanah, SpOG",Dokter Kandungan,,"Klinik Utama Khadijah, Jl. Purwanggan No.45, RW.08, Purwokinanti, Pakualaman, Kota Yogyakarta, Daerah Istimewa Yogyakarta 55166",0274513357,
Dokter Praktek dr. Nara Dikna,Dokter,,"Jl. Sumur Welut No.139, Sumur Welut, Kec. Lakarsantri, Surabaya, Jawa Timur 60215",085175005425,
Dokter Praktek Mandiri,Dokter,,"Ds, RW.Kwadasan, Kewadasari, Banyudono, Kec. Dukun, Kabupaten Magelang, Jawa Tengah 56482","",
Dokter Praktek Mandiri,Dokter,,"Jl. Bojongmanggu No.79, Bojongmanggu, Kec. Banjaran, Kabupaten Bandung, Jawa Barat 40376","",
Dokter Praktek Mandiri Dokter Ulil Fu'ad & Dokter Whiwhin Ayu,Dokter,,"Lor, RT.01/RW.02, Sayung Kidul, Sayung, Kec. Sayung, Kabupaten Demak, Jawa Tengah 59563",081325977977,
Dokter Praktek Mandiri dr Alvin,Dokter,,"Jelegong, Kec. Rancaekek, Kabupaten Bandung, Jawa Barat 40394",0227796015,
Dokter Praktek Mandiri dr. Dewi,Dokter,,"Jl. Saubari No.40A, Karang Tengah, Parakan Kauman, Parakan, Temanggung Regency, Central Java 56254","",
Dokter Praktek Mandiri Dr. Dian Lestari,Dokter,,"Jl. Raya Donomulyo, Donomulyo, Dono Mulyo, Kec. Donomulyo, Kabupaten Malang, Jawa Timur 65167",0816554141,
Dokter Praktek Mandiri dr. Filosophia Putri,Dokter,,"Jl. Sono Indah Utara III No.Gg. 10B, Klanggri, Sidokerto, Buduran, Sidoarjo Regency, East Java 61252",081233972447,
DOKTER PRAKTEK MANDIRI 'dr HESTY ROSALINA',Dokter,,"Jl. Kauman, RT.17/RW.004, Dusun Krajan, Sanankerto, Turen, Malang Regency, East Java 65175",082232673051,
Dokter Praktek Mandiri Dr. Susy Hermawati,,,"Kepuh, Betro, Kec. Sedati, Kabupaten Sidoarjo, Jawa Timur","",
Dokter Praktek Mandiri - dr. Trisna Nur Indras S. & dr. Anis Fitriana,Dokter Umum,,"Pertigaan Coca Cola, Jl. Sentot Prawirodirjo Jl. Museum Kretek, RT.3/RW.3, Ketapang, Getas Pejaten, Kec. Jati, Kabupaten Kudus, Jawa Tengah 59341",081226904046,
"Dokter Praktek Mandiri, dr.Yunyastiti.D.P",Klinik Kesehatan,,"JQ4M+8J3 Dokter Praktek Mandiri, dr.Yunyastiti.D.P, Jl.Kijogotoyo, RT.07/RW.02, Cemandi, Kec. Sedati, Kabupaten Sidoarjo, Jawa Timur 61253",081333518044,
Dokter Praktik Mandiri,Dokter,,"JF83+MMP Dokter Praktik Mandiri, Jl. Tambangan Jl. Rejosari, Rejosari, Batur, Kec. Getasan, Kabupaten Semarang, Jawa Tengah 50774",085876188777,
Dokter praktik mandiri Dr. Agung Sutopo,Klinik Medis,,"FJM2+8HW Dokter praktik mandiri Dr. Agung Sutopo, Dusun 1, Karanggeneng, Boyolali, Boyolali Regency, Central Java 57312","",
Dokter Praktik Mandiri dr. Anik Rahmatur Riza,Dokter,,"QM5F+784 Dokter Praktik Mandiri dr. Anik Rahmatur Riza, Druju, Kec. Sumbermanjing Wetan, Kabupaten Malang, Jawa Timur 65176",081324349254,
Dokter Praktik Mandiri dr. Annisa Nurfitriana,Rumah Sakit,,"Jl. Piyungan - Petir, Jatigrit, Srimartani, Kec. Piyungan, Kabupaten Bantul, Daerah Istimewa Yogyakarta 55792",085222249483,
Dokter Praktik Mandiri dr Indra Dwi Pramono,Dokter,,"Perumahan Gunung Mulya No.A2, Pegandan, Margorejo, Pati Regency, Central Java 59163","",
DOKTER PRAKTIK MANDIRI dr. ISMAIL SHOLEH,Klinik Kesehatan,,"GREEN SEVEN HILLS B05, Randu Pitu, Randupitu, Kec. Gempol, Pasuruan, Jawa Timur 67155",081232640111,
Dokter Praktik Mandiri dr. Ninda Rosyada,Dokter,,"7P36+V4 Dokter Praktik Mandiri dr. Ninda Rosyada, Rw. IX, Telukwetan, Kec. Kalinyamatan, Kabupaten Jepara, Jawa Tengah 59462","",
Dokter Umum Malang - Dr. Harjono,Dokter Umum,,"Jl. Pajajaran No.23, Klojen, Kec. Klojen, Kota Malang, Jawa Timur 65111",085100051952,
Dokter Umum panggilan ke rumah dr. Adik Kurniawan,Dokter,,"Jl. Kupang Gn. Tim. I No.25, RT.006/RW.06, Putat Jaya, Kec. Sawahan, Surabaya, Jawa Timur 60255",081703232600,
Dokter Umum Teddy Karli,,,,"",(021) 5491876
Dokter Wahyu Purwadi Rahmat,Klinik Gratis,,"9XW7+HX7 Dokter Wahyu Purwadi Rahmat, Tegalwinangun, RT.03/RW.XIII, Titang, Tegalgede, Kec. Karanganyar, Kabupaten Karanganyar, Jawa Tengah 57714","",
DPM (DOKTER PRAKTEK MANDIRI),Dokter,,"6PFQ+H35 DPM (DOKTER PRAKTEK MANDIRI), Dsn Kemirahan, RT.05/RW.05, Kemirahan, Tejowangi, Kec. Purwosari, Pasuruan, Jawa Timur 67162",085655699088,
"dr. Asri, MMRS / dr. D. A. Wulan",Dokter Umum,,"Jl. Danau Kerinci Raya, Sawojajar, Kec. Kedungkandang, Kota Malang, Jawa Timur 65139","",
Dr. Danus H,Dokter,,"Jungke, RT01/RW03, Kabupaten Karanganyar, Jawa Tengah 57713",08814122880,
"dr. Dudi Hidayat, Dokter Praktek Mandiri",Dokter Umum,,"Jl. Ciharashas No.48, Cilame, Ngamprah, West Bandung Regency, West Java 40552",081222348788,
"Dr.D.Widiatmoko, Sp.KJ",Dokter,,"Jl. Rejodadi, Sonopakis Kidul, Ngestiharjo, Kec. Kasihan, Kabupaten Bantul, Daerah Istimewa Yogyakarta 55182",081122233344,
"dr. ERNI SULISTYANI, Sp. DVE",Dermatolog,,"Jl. Tusam Raya Dalam No.M/3, Pedalangan, Kec. Banyumanik, Kota Semarang, Jawa Tengah 50268",0247471903,
Drg Vincentius Harsono Sp.Pros dan Drg Yemy Ameliana Sp.KGA,Dokter Gigi,,"Darmo Permai Timur IV No.38, Sonokwijenan, Sukomanunggal, Surabaya, East Java 60189",0317310385,
Dr.Marwoto Health Center (Bisa melayani HOMECARE),Klinik Medis,,"Jl. Kolonel Sugiono No.447-449, Gadang, Kec. Sukun, Kota Malang, Jawa Timur 65149",082333373233,
Dr Pramudi Darmawan,Dokter Keluarga,,"Jl. Parangtritis No.15, Patalan, Kec. Jetis, Kabupaten Bantul, Daerah Istimewa Yogyakarta 55781",081915566228,
"dr. Sri Suciani, MSi",Dokter Keluarga,,"Jl. Supriyadi No.9B, Kalicari, Kec. Pedurungan, Kota Semarang, Jawa Tengah 50198",082133967265,
"dr Sunu Rachmat Waslan , SpA",Dokter Anak,,"Jl. Lawu No.186, Bejen, Kec. Karanganyar, Kabupaten Karanganyar, Jawa Tengah 57716",082136770297,
Ella Skincare Klaten,Klinik Perawatan Kulit,,"Jl. Merbabu No.10, Mlinjon, Tonggalan, Kec. Klaten Tengah, Kabupaten Klaten, Jawa Tengah 57423","",
Emdee Easy Manyar Garden Surabaya - Klinik Kecantikan,Klinik Perawatan Kulit,,"Ruko Manyar garden, Kavling 1 Jl. Nginden Semolo No.91, Menur Pumpungan, Kec. Sukolilo, Surabaya, Jawa Timur 60929",085179847811,
Erha Central Surabaya,Klinik Perawatan Kulit,,"Jl. Kombes Pol. Moh. Duryat No.18, Tegalsari, Kec. Tegalsari, Surabaya, Jawa Timur 60262",0315468989,
Erha Clinic Malang,Klinik Perawatan Kulit,,"Kav. 1 & 2, Jl. Bromo, Oro-oro Dowo, Klojen, Malang City, East Java 65119",03413012543,
EUROSKINLAB (ESL) by Euromedica Group - Bukit Darmo Surabaya Barat,Klinik Perawatan Kulit,,"Jl. Bukit Darmo Boulevard No.10 CC, Lidah Wetan, Kec. Lakarsantri, Surabaya, Jawa Timur 60213",085353393388,
Gazebo Bambu Jogja SB Flash,Tukang Bangunan Gazebo,,"Jl Bantul KM 9 Geblag RT 5, Samping Puskesmas No.2, Gandekan, Bantul, Kec. Bantul, Kabupaten Bantul, Daerah Istimewa Yogyakarta 55711",081390594499,
GRIYA HUSADA 1,Klinik Medis,,"Mekarasri, RT.003/RW.002, Ngarjosari, Popongan, Kec. Karanganyar, Kabupaten Karanganyar, Jawa Tengah 57715",02716499639,
Haven Light Clinic Malang.reflexology.massage,Klinik Perawatan Kulit,,"Jl. Buring No.29, Oro-oro Dowo, Kec. Klojen, Kota Malang, Jawa Timur 65119",085777710399,
HDC (Praktek Mandiri drg.Hilma),Dokter Gigi,,"Jl. Sukamaju No.47, RT.:03/RW.:05, Cipadung Kulon, Kec. Panyileukan, Kota Bandung, Jawa Barat 40614",082123428340,
Hope Vet (Praktik Dokter Hewan Mandiri),Dokter Hewan,,"RT.03/RW.Utara Kolam, Kepuh Wetan, Wirokerten, Kec. Banguntapan, Kabupaten Bantul, Daerah Istimewa Yogyakarta 55194",0895414387623,
Immoderma Skin Clinic Semarang,Klinik Perawatan Kulit,,"Jl. Jangli Krajan, Jatingaleh, Kec. Candisari, Kota Semarang, Jawa Tengah 50432",081128012091,
Karadenta Clinic Malang,Klinik Perawatan Kulit,,"Ruko WOW Jl. Raya Sawojajar Blok NY 1 No. 1 (Sebelah Indomaret, Sawojajar, Kec. Kedungkandang, Kota Malang, Jawa Timur 65139",08112096224,
Khitanan Bypass Since 1980 by Klinik Paramedika Bandung,Klinik Kesehatan,,"Jl. Soekarno-Hatta No.111, Babakan, Kec. Babakan Ciparay, Kota Bandung, Jawa Barat 40222",0226016666,
Klinik 24 Jam Kimia Farma,Klinik Medis,,"Jalan Kaliurang No.48, Caturtunggal, Mlati, Purwosari, Sinduadi, Kec. Mlati, Kabupaten Sleman, Daerah Istimewa Yogyakarta 55281",0274885220,
Klinik 24 Jam Mardi Mulya III,Klinik Medis,,"Jl. Jenderal Sudirman No.67, Krobokan, Kec. Semarang Barat, Kota Semarang, Jawa Tengah 50141",0247619359,
Klinik Alveoli,Klinik Kesehatan,,"Jl. Sulfat No.84, Purwantoro, Kec. Blimbing, Kota Malang, Jawa Timur 65122",0341406744,
Klinik Ambeyen,Klinik Medis,,"Jl. Tapir, Karanganyar, Kec. Karanganyar, Kabupaten Karanganyar, Jawa Tengah 57711",085377368866,
Klinik Andana,Klinik Medis,,"8J65+9HP Klinik Andana, Dadmulyo, Gergunung, Klaten Utara, Klaten Regency, Central Java 57434",0272324170,
Klinik Anugrah,Klinik Medis,,"No.39-39A, Jl. Dukuh Kupang XIX, Dukuh Kupang, Kec. Dukuhpakis, Surabaya, Jawa Timur 60225",081238822217,
Klinik Ary Farma,Klinik Medis,,"Jl. Raya Solo-Tawangmangu No.Km.7, Jetak, Dagen, Kec. Jaten, Kabupaten Karanganyar, Jawa Tengah 57731",081227083131,
Klinik Asih Waluyojati,Klinik Medis,,"Jl. Imogiri Tim. No.7, Grojogan, Wirokerten, Kec. Banguntapan, Kabupaten Bantul, Daerah Istimewa Yogyakarta 55191",02744396569,
Klinik As-Syifa,Klinik Medis,,"4869+R3M Klinik As-Syifa, Jl. Kolonel Sugiono No.13, Deresan, Ringinharjo, Kec. Bantul, Kabupaten Bantul, Daerah Istimewa Yogyakarta 55712",0274368784,
Klinik Athar Medika,Klinik Medis,,"Dusun Bakalan RT001/001, Desa Bakalan, Kecamatan Jumapolo, Kabupaten Karanganyar Dusun Bakalan RT 001/001, Bakalan, Kec. Jumapolo, Kabupaten Karanganyar, Jawa Tengah 57783",08139123287,
Klinik Ayya Shovja,Klinik Kesehatan,,"FP6V+77R Klinik Ayya Shovja, Jl. Klegen No.1, Klagen, Malangjiwan, Kec. Colomadu, Kabupaten Karanganyar, Jawa Tengah 57177",085725258051,
KLINIK BERSALIN DEVALISHA,Rumah Sakit,,"Jl. Lawu Jetu, Titang, Tegalgede, Kec. Karanganyar, Kabupaten Karanganyar, Jawa Tengah 57714",082135399939,
Klinik BeSt Medika,Klinik Medis,,"Jl. Tumenggung Suryo No.92, Purwantoro, Kec. Blimbing, Kota Malang, Jawa Timur 65126",081901022025,
Klinik Bhayangkara BP Dokkes Polres Klaten,Klinik Medis,,"7JQ2+C45 Klinik Bhayangkara BP Dokkes Polres Klaten, Jl. Pramuka, Kelasman, Tonggalan, Klaten Tengah, Klaten Regency, Central Java 57412","",
Klinik Brimedika Yogyakarta,Klinik Medis,,"Jl. Brigjen Katamso No.21, Keparakan, Kec. Mergangsan, Kota Yogyakarta, Daerah Istimewa Yogyakarta 55152",0274388984,
Klinik Bunga Melati - JA Suprapto,Klinik Medis,,"Jl. Jaksa Agung Suprapto No.23, Samaan, Klojen, Malang City, East Java 65112",08113613623,
Klinik Bunga Melati - Panjaitan,Klinik Medis,,"Jl. Mayjend Panjaitan No.247 Kav 1-2, Penanggungan, Klojen, Malang City, East Java 65113",08113613620,
Klinik Cahaya Husada,Klinik Medis,,"iroyudan, Iroyudan, Guwosari, Pajangan, Bantul Regency, Special Region of Yogyakarta 55751",02746460986,
Klinik Cakra Husada,Klinik Medis,,"8GP9+4FP Klinik Cakra Husada, Dusun 2, Keputran, Kec. Kemalang, Kabupaten Klaten, Jawa Tengah 57485","",
Klinik Centrum,Klinik Medis,,"Jl. Puspanjolo Barat Raya No.14, Cabean, Kec. Semarang Barat, Kota Semarang, Jawa Tengah 50141",0247614767,
Klinik Cita Sehat Surabaya,Klinik Medis,,"Jl. Sidosermo II No.321, Sidosermo, Kec. Wonocolo, Surabaya, Jawa Timur 60239","",
Klinik Cita Sehat Yogyakarta (Pleret),Klinik Kesehatan,,"4CP5+575 Klinik Cita Sehat Yogyakarta (Pleret), Kauman, Pleret, Kec. Pleret, Kabupaten Bantul, Daerah Istimewa Yogyakarta 55791",085868580799,
Klinik Daqu Sehat New,Klinik Kesehatan,,"Jl. Sunan Muria No.2, Dinoyo, Kec. Lowokwaru, Kota Malang, Jawa Timur 65145",03412991199,
Klinik Diamond Beauty,Klinik Perawatan Kulit,,"Jl. Ade Irma Suryani No.7, Kasin, Kec. Klojen, Kota Malang, Jawa Timur 65117",081215555170,
KLINIK DJANTARI SURABAYA,Klinik Kesehatan,,"Jl. Diponegoro No.27, Darmo, Kec. Wonokromo, Surabaya, Jawa Timur 60241",082338897827,
Klinik Dokter Ernawati,Klinik Medis,,"Griya Arga Permai Jl. Wilis Q3, Kwarasan, Nogotirto, Gamping, Sleman Regency, Special Region of Yogyakarta 55592","",
Klinik Dokter Praktik Mandiri dr.Rika Novia Sari,Klinik Kesehatan,,"Jl. Junti Hilir Kp.Baru, RT.:02 Rw:24, Sangkanhurip, Kec. Katapang, Kabupaten Bandung, Jawa Barat 40921",089604901000,
Klinik Dr. Adrian dan Dr. Primanda,Klinik Medis,,"Jl. Cemp. No.15, Karangrejo, Ngringo, Kec. Jaten, Kabupaten Karanganyar, Jawa Tengah 57731",085725512020,
Klinik dr. Intan Suraya Ellyas,Klinik Kesehatan,,"CW5J+56W Klinik dr. Intan Suraya Ellyas, Jl. Flamboyan Tegalarum Cangakan, Manggung, Cangakan, Kec. Karanganyar, Kabupaten Karanganyar, Jawa Tengah 57716","",
Klinik dr. Ning,Klinik Medis,,"Kaling, Kec. Tasikmadu, Kabupaten Karanganyar, Jawa Tengah 57722","",
Klinik dr. Rita,Klinik Medis,,"Dalemrejo, RT./Rw/RW.002/002, Bekor, Kaliwuluh, Kec. Kebakkramat, Kabupaten Karanganyar, Jawa Tengah 57762",082299994982,
Klinik Esensia,Klinik Medis,,"Jl. Wolter Monginsidi No.40, Pedurungan Tengah, Kec. Pedurungan, Kota Semarang, Jawa Tengah 50192",0246714764,
Klinik Fatima,Rumah Sakit,,"Karangpandan, Kec. Karangpandan, Kabupaten Karanganyar, Jawa Tengah 57791",0271662993,
Klinik Fisioterapi Heru P Kuntono,Dokter,,"Pondok, Tohudan, Kec. Colomadu, Kabupaten Karanganyar, Jawa Tengah 57173",0271710375,
Klinik Flex-Free Bandung - Klinik Rehabilitasi Medik,Klinik Spesialis,,"Jln. Terusan Pasir Koja No 153/67, Panjunan, Astanaanyar, Bandung, Jawa Barat, Panjunan, Kec. Astanaanyar, Kota Bandung, Jawa Barat 40424",02220580806,
Klinik Gigi Dentes Bantul | Klinik Gigi Bantul Jogja | Behel Jogja,Klinik Gigi,,"Jl. Bantul No.133, Area Sawah, Pendowoharjo, Kec. Sewon, Kabupaten Bantul, Daerah Istimewa Yogyakarta 55186",087877227889,
KLINIK GIGI KANINA CEBONGAN,Klinik Gigi,,"Jl. Kebon Agung Jl. Cebongan No.Km 4 5, Area Sawah, Tlogoadi, Kec. Mlati, Kabupaten Sleman, Daerah Istimewa Yogyakarta 55286",085218581993,
Klinik Gigi Malang - Sozo Dental,Klinik Gigi,,"26F, Jl. Arif Margono No.26E, Kasin, Kec. Klojen, Kota Malang, Jawa Timur 65117",08132265409,
Klinik Gigi Utama GDC Karanganyar - Dokter Gigi Karanganyar,Klinik Gigi,,"Jl. Prof. Moh. Yamin, Cerbonan, Karanganyar, Kec. Karanganyar, Kabupaten Karanganyar, Jawa Tengah 57711",082227872888,
Klinik Gracia Medika,Klinik Perawatan Kulit,,"Jl. Sriwijaya No.120, Ciseureuh, Kec. Regol, Kota Bandung, Jawa Barat 40255",08172359995,
KLINIK GRIYA HUSADA 3,Klinik Medis,,"Jl. Karanganyar-Jatiyoso, Ngaliyan, Lalung, Kec. Karanganyar, Kabupaten Karanganyar, Jawa Tengah 57716",02716499244,
Klinik Griya Husada 4,Klinik Tanpa Perjanjian,,"Jl. Solo - Purwodadi No.KM. 6, Solerejo, Wonorejo, Kec. Gondangrejo, Kabupaten Karanganyar, Jawa Tengah 57188",082138517148,
Klinik Griya Medika Utama,Klinik Kesehatan,,"Jambangan, Pereng, Kec. Mojogedang, Kabupaten Karanganyar, Jawa Tengah 57752",089518898075,
Klinik habil syifa,Klinik Spesialis,,"Jl. Raya Klodran – Ngemplak, Plalangan, Klodran, Kec. Colomadu, Kabupaten Karanganyar, Jawa Tengah 57172",02717892022,
Klinik Haidar Medika,Klinik Medis,,"Jl. Solo - Purwodadi No.10, Mendungsari, Bulurejo, Kec. Gondangrejo, Kabupaten Karanganyar, Jawa Tengah 57188",082170081022,
Klinik Hutama Medika Care,Klinik Medis,,"Jl. Satsui Tubun No.8b, Gadang, Kec. Sukun, Kota Malang, Jawa Timur 65149",082110007533,
Klinik Ibnu Abbas,Dokter,,"Jl. Parangtritis, Gabusan, Timbulharjo, Sewon, Bantul Regency, Special Region of Yogyakarta 55185",02742810384,
KLINIK ILLA MEDIKA 2,Klinik Kesehatan,,"Dsn. Nayan RT. 01/08, Nayan, Nangsri, Kec. Kebakkramat, Kabupaten Karanganyar, Jawa Tengah 57762",082158296166,
Klinik Intan,Klinik Medis,,"Jl. Masjid No.3, Gunungketur, Pakualaman, Kota Yogyakarta, Daerah Istimewa Yogyakarta 55112",0274512804,
Klinik Intan Mandiri,Klinik Medis,,"Ruko Regency One, Jl. Bandulan Bar. No.6, Bandulan, Kec. Sukun, Kota Malang, Jawa Timur 65146",081333380453,
Klinik Inusa Bantul,Toko Kesehatan dan Kecantikan,,"Jl. Bantul No.211, Sawahan, Pendowoharjo, Kec. Sewon, Kabupaten Bantul, Daerah Istimewa Yogyakarta 55186",085111301966,
Klinik Istiazah,Klinik Tanpa Perjanjian,,"Jalan Insinyur Haji Juanda No.55791, Area Sawah, Trirenggo, Kec. Bantul, Kabupaten Bantul, Daerah Istimewa Yogyakarta 55791",02746469047,
Klinikita Cabang Kalipancur,Klinik Medis,,"Jl. Abdulrahman Saleh No.293, Kalipancur, semarang, Kota Semarang, Jawa Tengah 50183",08112726481,
KLINIK KECANTIKAN ATHENA SURABAYA,Klinik Medis,,"Jalan Doktor Wahidin No.3, RT.001/RW.13, DR. Soetomo, Tegalsari, Surabaya, East Java 60264",082130010082,
Klinik Kecantikan Bandung Skin Centre,Klinik Perawatan Kulit,,"Jl. Ir. H. Juanda No.147, Lebak Gede, Coblong, Bandung City, West Java 40132",081221212288,
Klinik Kecantikan Clarice Beauty Ngagel Surabaya,Klinik Perawatan Kulit,,"Jl. Ngagel Jaya Selatan No.120, Baratajaya, Kec. Gubeng, Surabaya, Jawa Timur 60246",081252012688,
Klinik Kecantikan Gloskin - Surabaya,Klinik Perawatan Kulit,,"No 176, Jl. Mayjen Sungkono No.178 Blok A8, Dukuh Pakis, Kec. Dukuhpakis, Surabaya, Jawa Timur 60225",081222599908,
Klinik Kecantikan Moira Clinic Semarang,Klinik Perawatan Kulit,,"Jl. Imam Bonjol No.157, Pindrikan Lor, Kec. Semarang Tengah, Kota Semarang, Jawa Tengah 50131",085174115261,
Klinik Kecantikan & Operasi Bedah Plastik Terbaik No.1 di Semarang | Ederma Clinic Indonesia,Klinik Operasi Plastik,,"Jl. Tentara Pelajar No.48 B, Lamper Kidul, Kec. Semarang Sel., Kota Semarang, Jawa Tengah 50249",081218099992,
Klinik Keluarga Sembada,Klinik Medis,,"Jl. Gandhok Tambakan, Tambakan, Sinduharjo, Kec. Ngaglik, Kabupaten Sleman, Daerah Istimewa Yogyakarta 55581",08112544664,
Klinik Kertajaya | Dokter Gigi Surabaya Timur | Swab Rapid Antigen Surabaya,Klinik Medis,,"Jl. Kertajaya No.160, Kertajaya, Gubeng, Surabaya, East Java 60282",0895334481550,
Klinik Kimia Farma Dago Bandung,Klinik Medis,,"Jl. Ir. H. Juanda No.309 Lt 1, Dago, Kecamatan Coblong, Kota Bandung, Jawa Barat 40135",087822023998,
Klinik Kimia Farma Parangtritis Yogyakarta,Klinik Medis,,"Jl. Parangtritis No.130, Brontokusuman, Kec. Mergangsan, Kota Yogyakarta, Daerah Istimewa Yogyakarta 55143",02744286371,
KLINIK KURET RESMI BANDUNG,Klinik Medis,,"Jl. Asia Afrika No.129-131, Kb. Pisang, Kec. Sumur Bandung, Kota Bandung, Jawa Barat 40261",087734406159,
Klinik KUSMAHATI,Klinik Medis,,"Pungkuk, Jetis, Kec. Jaten, Kabupaten Karanganyar, Jawa Tengah 57771",0271826327,
"Klinik Kusmi Ceria (BPJS, UMUM, GIGI, VAKSINASI, dan IMUN BOOSTER)",Klinik Medis,,"Jl. Ligu Tengah No.1089, Sarirejo, Semarang Timur, Semarang City, Central Java 50124",08112701089,
Klinik & Laboratorium BMCI,Klinik Medis,,"Jl. Batu Permata, Tlogomas, Kec. Lowokwaru, Kota Malang, Jawa Timur 65144",085101533389,
Klinik Madukismo,Klinik Medis,,"Jl. Padokan, Padokan Kidul, Tirtonirmolo, Kec. Kasihan, Kabupaten Bantul, Daerah Istimewa Yogyakarta 55184",0274377049119,
Klinik Mandiri Lestari,Klinik Medis,,"Jl. Supriyadi No.21i, Kalicari, Pedurungan, Semarang City, Central Java 50198",0246733137,
Klinik Mardi Rahayu,Pusat Kesehatan Masyarakat,,"Jl. Raya Pakis Kembar No.16, Krajan Timur, Pakiskembar, Kec. Pakis, Kabupaten Malang, Jawa Timur 65154",0341791062,
Klinik Medika Utama,Apotek,,"Jalan Ciliwung No.50 Darmo Wonokromo Ciliwung 50, Jl. Ciliwung No.50, Darmo, Kec. Wonokromo, Surabaya, Jawa Timur 60241",08113415055,
Klinik Medika Utama 2 Pakuwon City,Klinik Medis,,"Ruko Pakuwon Town Square Blok AA1 No. 3-5, Jl. Kejawan Putih Tambak, Kejawaan Putih Tamba, Kec. Mulyorejo, Surabaya, Jawa Timur 60112",0811305055,
Klinik Meira (Meira Medical Center),Dokter,,"Jl. Bantul No.93, Dongkelan, Panggungharjo, Kec. Sewon, Kabupaten Bantul, Daerah Istimewa Yogyakarta 55188",0274372564,
Klinik Mitra Sehat,Rumah Sakit,,"Jl. Lawu Barat No.183, Kodokan, Papahan, Kec. Tasikmadu, Kabupaten Karanganyar, Jawa Tengah 57716",087836354895,
Klinik Mulia,Klinik Medis,,"7HJJ+WMG Klinik Mulia, Jl. Solo-Jogja, Dusun 1, Jetis, Kec. Klaten Sel., Kabupaten Klaten, Jawa Tengah 57421",0272328366,
Klinik Mutiara Cikutra,Klinik Medis,,"Jl. Cikutra No.115 Blk A-B, Cikutra, Kec. Cibeunying Kidul, Kota Bandung, Jawa Barat 40124",0227216058,
Klinik Naranda,Klinik Medis,,"55573, Bulu, Jogotirto, Kec. Berbah, Kabupaten Sleman, Daerah Istimewa Yogyakarta 55573",081350490509,
Klinik Nayaka Husada Kartini Surabaya,Klinik Medis,,"Jl. R.A Kartini, DR. Soetomo, Kec. Tegalsari, Surabaya, Jawa Timur 60246",0315684836,
KLINIK NUR HIDAYAH,Klinik Kesehatan,,"Jl. Imogiri Tim., Bembem, Trimulyo, Kec. Jetis, Kabupaten Bantul, Daerah Istimewa Yogyakarta 55781",081319226227,
Klinik Palma,Klinik Medis,,"Jalan Kaligarang No.27, Panggung Kidul, Gajahmungkur, Barusari, Kec. Semarang Sel., Kota Semarang, Jawa Tengah 50237",0895350860080,
KLINIK PATALAN,Klinik Medis,,"Jl. Parangtritis No.15, Patalan, Kec. Jetis, Kabupaten Bantul, Daerah Istimewa Yogyakarta 55781",088218001317,
Klinik PHC Tanjung Perak Surabaya,Klinik Medis,,"Jl. Perak Bar. No.239A, RT.001/RW.03, Perak Utara, Kec. Pabean Cantian, Surabaya, Jawa Timur 60165",08563260735,
KLINIK PMI KOTA SURABAYA,Klinik Medis,,"Jl. Tambaksari No.49, Tambaksari, Kec. Tambaksari, Surabaya, Jawa Timur 60136",0315032103,
Klinik Polresta Malang Kota,Klinik Medis,,"Jl. Pahlawan Trip No.1, Oro-oro Dowo, Kec. Klojen, Kota Malang, Jawa Timur 65115",0341568974,
Klinik Praktek Mandiri Bidan Sri Subekti AMd.Keb. SKM.,Dokter,,"Jl. Raya Jumapolo-Karanganyar, Sembuh, Kwangsan, Kec. Jumapolo, Kabupaten Karanganyar, Jawa Tengah 57783",082226933337,
KLINIK PRATAMA 24 JAM PMI DIY,Klinik Medis,,"Jl.Ring Road Barat No.03 RT. 09 RW. 15, Patuk, Area Sawah, Banyuraden, Kec. Gamping, Kabupaten Sleman, Daerah Istimewa Yogyakarta 55293",02746499649,
Klinik Pratama 65 (LXV) Surabaya,Klinik Medis,,"Gubeng Kertajaya XI No.34, Airlangga, Kec. Gubeng, Surabaya, Jawa Timur 60286","",
Klinik Pratama Adhyaksa Kejaksaan Tinggi Jawa Barat,Klinik Medis,,"Jl. Ambon No.6, Citarum, Bandung Wetan, Bandung City, West Java 40115",08131150165,
Klinik Pratama Advent Tamansari,Klinik Medis,,"Jl. Tamansari No.40, Tamansari, Kec. Bandung Wetan, Kota Bandung, Jawa Barat 40116",081214847778,
KLINIK PRATAMA AISYIYAH PANGGERAN,Klinik Kesehatan,,"Jl. Pangeran Kulon XII, Panggeran 12, Triharjo, Kec. Sleman, Kabupaten Sleman, Daerah Istimewa Yogyakarta 55285",02742255091,
Klinik Pratama Alita Husada,Klinik Medis,,"7M86+3VF Klinik Pratama Alita Husada, Kujon, Kalikebo, Trucuk, Klaten Regency, Central Java 57467",081325766798,
KLINIK PRATAMA ANUGERAH,Klinik Tanpa Perjanjian,,"Jl. Lengkong Besar No.117, Cikawao, Kec. Lengkong, Kota Bandung, Jawa Barat 40261",0224206005,
Klinik Pratama Asri Husada I Bandung,Klinik Medis,,"Jl. Bekamin No.18, Cikutra, Kec. Cibeunying Kidul, Kota Bandung, Jawa Barat 40124",0227230425,
Klinik Pratama As Syifa,,,,"",0274367578
Klinik Pratama Basuki Amalia,Klinik Medis,,"kweni rt 4, Kweni, Panggungharjo, Kec. Sewon, Kabupaten Bantul, Daerah Istimewa Yogyakarta 55188",085100355008,
Klinik Pratama BAZNAS Karanganyar,Klinik Gratis,,"CX23+FG6 Klinik Pratama BAZNAS Karanganyar, Jl. Rm. Said, Karanganyar, Kec. Karanganyar, Kabupaten Karanganyar, Jawa Tengah 57711","",
Klinik Pratama Bhakti Sehat Waluya,Klinik Medis,,"Jl. Cidurian Utara No.110, RT.001/RW.009, Sukapura, Kec. Kiaracondong, Kota Bandung, Jawa Barat 40285",02287356337,
Klinik Pratama Bidakara Medical Center Bandung,Klinik Kesehatan,,"Jl. Buah Batu No.292, Cijagra, pak, Kota Bandung, Jawa Barat 40265",08882165293,
Klinik Pratama Bunga Arsari,Klinik Medis,,"Sungapan Dukuh, Argodadi, Kec. Sedayu, Kabupaten Bantul, Daerah Istimewa Yogyakarta 55752",081328320312,
KLINIK PRATAMA CANDI 01 PRAMBANAN KLATEN,Klinik Medis,,"7G3G+RJP KLINIK PRATAMA CANDI 01 PRAMBANAN KLATEN, Jl. Klaten - Jogja Jl. Pandan Simping, Nengkruk, Geneng, Kec. Prambanan, Kabupaten Klaten, Jawa Tengah 57454","",
Klinik Pratama Dahlia,Klinik Medis,,"Jl. Anggrek No.25, Merdeka, Sumurbandung, Bandung City, West Java 40113",082211676747,
Klinik Pratama Damayanti,Klinik Medis,,"Jl. Seteran Selatan III No.47, Miroto, Kec. Semarang Tengah, Kota Semarang, Jawa Tengah 50134","",
KLINIK PRATAMA DELIMA,Klinik Medis,,"jln swadaya 1 karangasem gempol, RT.04/RW.12, Dero, Condongcatur, Kec. Depok, Kabupaten Sleman, Daerah Istimewa Yogyakarta 55283",081232999200,
Klinik Pratama Derwati,Klinik Kesehatan,,"Ruko Gedebage Selatan, Jl. Derwati Mas No.17, Bodogol, Derwati, Kec. Rancasari, Kota Bandung, Jawa Barat 40292",085861868000,
KLINIK PRATAMA DIAS MEDIKA,Klinik Kesehatan,,"Jl. Selomas Raya No.B27, RT.008/RW.011, Panggung Lor, Kec. Semarang Utara, Kota Semarang, Jawa Tengah 50177","",
KLINIK PRATAMA DINAYLA UTAMA 84 SURABAYA,Klinik Medis,,"Jl. Simo Pomahan III No.14, Simomulyo, Kec. Sukomanunggal, Surabaya, Jawa Timur 60281",089639064700,
Klinik Pratama dr. Ervina,Dokter,,"FQFG+3XJ Klinik Pratama dr. Ervina, Perumahan Gedongan permai, Jl. Gedongan, RT.3/RW.8, Gedongan, Colomadu, Karanganyar Regency, Central Java 57173",0882006069857,
Klinik Pratama dr. Sutarti,Dokter,,"Harjosari, Kec. Bawen, Kabupaten Semarang, Jawa Tengah 50661",081325349899,
Klinik Pratama Elim,Pusat Kesehatan Masyarakat,,"Jl. Jenderal Sudirman No.208, Kb. Jeruk, Kec. Andir, Kota Bandung, Jawa Barat 40181",0226029618,
Klinik Pratama Estetika EPZA Medical Skin Care,Klinik Perawatan Kulit,,"Jl. Bantul, Melikan Lor, Bantul, Kec. Bantul, Kabupaten Bantul, Daerah Istimewa Yogyakarta 55711",082138238664,
Klinik Pratama Familia,Klinik Medis,,"Ngemplak 01/02, Ngemplak, Suruh, Kec. Tasikmadu, Kabupaten Karanganyar, Jawa Tengah 57721",085877845759,
KLINIK PRATAMA FIA,Klinik Medis,,"Jl, Gadingan, Sumberejo, Kec. Tempel, Kabupaten Sleman, Daerah Istimewa Yogyakarta 55552",082136063151,
Klinik Pratama Ganjuran dr Ika Octaviani Arta,Klinik Kesehatan,,"Jl. Mulyodadi, Jogodayoh, Sumbermulyo, Kec. Bambanglipuro, Kabupaten Bantul, Daerah Istimewa Yogyakarta 55764","",
Klinik Pratama Gemilang Medika,Klinik Medis,,"5C5Q+496 Klinik Pratama Gemilang Medika, Mogang, Sitimulyo, Kec. Piyungan, Kabupaten Bantul, Daerah Istimewa Yogyakarta 55792",08114238181,
Klinik Pratama Griya Sehat,Klinik Kesehatan,,"Jl. P Tanujoyo, Tanujayan, Gawanan, Kec. Colomadu, Kabupaten Karanganyar, Jawa Tengah 57175",02717686385,
Klinik Pratama H.M. Sosromiharjo,Klinik Medis,,"Krasakan, Lumbungrejo, Kec. Tempel, Kabupaten Sleman, Daerah Istimewa Yogyakarta 55552",081904034227,
Klinik Pratama Husada Asih YPAC Malang,Dokter Umum,,"Jl. Tumenggung Suryo No.39, Bunulrejo, Blimbing, Malang City, East Java 65123",081393450827,
Klinik Pratama IDI Bantul,Klinik Kesehatan,,"Jalan Lingkar Niten, Area Sawah, Trirenggo, Kec. Bantul, Kabupaten Bantul, Daerah Istimewa Yogyakarta 55711",089667744774,
Klinik Pratama IDI Pajangan,Klinik Kesehatan,,"47J7+3JC Klinik Pratama IDI Pajangan, Jambean, Triwidadi, Kec. Pajangan, Kabupaten Bantul, Daerah Istimewa Yogyakarta 55751",088983995852,
Klinik pratama ikhsan medika,Klinik Medis,,"Griya Ketandan Permai No.3 Blok B, RT.03/RW.09, Cantelan, Ketandan, Kec. Klaten Utara, Kabupaten Klaten, Jawa Tengah 57437",082323216241,
Klinik Pratama Intan Medika,Klinik Medis,,"Jl. Wijaya Kusuma, Tegalarum, RT.2/RW.13, Manggung, Cangakan, Kec. Karanganyar, Kabupaten Karanganyar, Jawa Tengah 57712",0895320146125,
Klinik Pratama Kartika 0729,Klinik Medis,,"Jl. Parangtritis Jl. Tarudan No.5, Tarudan, Bangunharjo, Kec. Sewon, Kabupaten Bantul, Daerah Istimewa Yogyakarta 55188",02744530254,
Klinik Pratama Kartika-23 Klaten,Klinik Medis,,"7HVW+6QG Klinik Pratama Kartika-23 Klaten, Jl. Klaten - Jatinom, Pondok, Tengah, Kec. Klaten Tengah, Kabupaten Klaten, Jawa Tengah 57411","",
Klinik Pratama Kartika 27,Klinik Medis,,"9XX4+H8J Klinik Pratama Kartika 27, Jl. Monginsidi, Tegalgede, Kec. Karanganyar, Kabupaten Karanganyar, Jawa Tengah 57714",02716492196,
Klinik Pratama Karunia Husada,Klinik Medis,,"Jl. Tino Sidin No.128 A, Cobongan, Ngestiharjo, Kec. Kasihan, Kabupaten Bantul, Daerah Istimewa Yogyakarta 55182",082243587616,
KLINIK PRATAMA KEDATON,Klinik Medis,,"Jl. Elnusa Raya No.121, Kedaton, Pleret, Kec. Pleret, Kabupaten Bantul, Daerah Istimewa Yogyakarta 55791",085100932710,
Klinik Pratama Keluarga Sejahtera,Klinik Kesehatan,,"C432+2G7 Klinik Pratama Keluarga Sejahtera, Singget, Kemuning, Kec. Ngargoyoso, Kabupaten Karanganyar, Jawa Tengah 57793",082221308882,
Klinik Pratama LC Medika,Klinik Medis,,"Jl. Alam Asri No.17, Sendangmulyo, Kec. Tembalang, Kota Semarang, Jawa Tengah 50272",081237579791,
Klinik pratama margo husodo semarang,Dokter,,"Jl. Borobudur Utara IV No.13, Manyaran, Kec. Semarang Barat, Kota Semarang, Jawa Tengah 50147","",
Klinik Pratama Mawar PKBI Kota Bandung,Klinik Medis,,"Jl. Pasir Kaliki No.26, Kb. Jeruk, Kec. Andir, Kota Bandung, Jawa Barat 40181",081324823086,
Klinik Pratama Medika Antapani,Klinik Medis,,"Jl. Terusan Jakarta No.50, Babakan Surabaya, Kec. Kiaracondong, Kota Bandung, Jawa Barat 40281",087779535522,
Klinik Pratama Mitra Husada,Klinik Kesehatan,,"Unnamed Road, Kanutan, Sumbermulyo, Kec. Bambanglipuro, Kabupaten Bantul, Daerah Istimewa Yogyakarta 55764",0811266477,
Klinik Pratama Mitra Medika,Klinik Medis,,"Jl. Penguin Raya. 2, Kompleks Jl. Dadali No.40184, Garuda, Kec. Andir, Kota Bandung, Jawa Barat 40184",0226042787,
Klinik Pratama Mitra Sehat,Klinik Medis,,"JL. Imogiri Timur, Km. 6, Dladan Baru Nglebeng Tamanan Banguntapan, Nglebeng, Tamanan, Bantul, Kabupaten Bantul, Daerah Istimewa Yogyakarta 55191",02744396586,
klinik Pratama Monalisa,Klinik Medis,,"Jl. Raya Kopo No.210, Babakan Asih, Kec. Bojongloa Kaler, Kota Bandung, Jawa Barat 40232",08157180000,
Klinik Pratama Mulia Husada 01,Klinik Medis,,"Perumnas Tlogosari RT 005/12, JL Nogososro 22-24, Semarang, 50199, Tlogosari Kulon, Pedurungan, Semarang City, Central Java 50196",0246719050,
Klinik Pratama NSM Mahakam,Klinik Kesehatan,,"Jl. Mahakam No.4, Rampal Celaket, Kec. Klojen, Kota Malang, Jawa Timur 65111",089636767435,
Klinik Pratama Paradise,Dokter Umum,,"Jl. Rungkut Menanggal Harapan No.9 Blk J, Rungkut Menanggal, Kec. Gn. Anyar, Surabaya, Jawa Timur 60293",081331717100,
"Klinik Pratama ""Permata Keluarga""",Klinik Medis,,"6CXX+2C4 Klinik Pratama ""Permata Keluarga"", Jl. Raya Kadisoka, Kadisoko, Purwomartani, Kec. Kalasan, Kabupaten Sleman, Daerah Istimewa Yogyakarta 55571","",
Klinik Pratama PKU Muhammadiyah Imogiri,Klinik Medis,,"Jl. Imogiri Tim., Bendo, Wukirsari, Kec. Imogiri, Kabupaten Bantul, Daerah Istimewa Yogyakarta 55782",082131061552,
klinik pratama pku muhammadiyah srandakan,Rumah Sakit,,"Jl. Srandakan No.KM 6,5, Gunungsaren Kidul, Puluhan Lor, Trimurti, Kec. Srandakan, Kabupaten Bantul, Daerah Istimewa Yogyakarta 55762",085729324332,
Klinik Pratama PMI Kota Malang,Klinik Kesehatan,,"Jl. Buring No.19, Oro-oro Dowo, Kec. Klojen, Kota Malang, Jawa Timur 65119",0341364617,
Klinik Pratama PMI Kota Yogyakarta,Klinik Kesehatan,,"Jl. Tegal Gendu No.25, Prenggan, Kec. Kotagede, Kota Yogyakarta, Daerah Istimewa Yogyakarta 55172",081320744100,
Klinik Pratama Polres Klaten,Klinik Medis,,"Jl. Pramuka No.42, Kelasman, Tonggalan, Kec. Klaten Tengah, Kabupaten Klaten, Jawa Tengah 57412","",
Klinik Pratama Primara Medical Center,Klinik Medis,,"Jl. Raya Solo - Tawangmangu No.km 24, Bendungan, Bangsri, Kec. Karangpandan, Kabupaten Karanganyar, Jawa Tengah 57791",089659001200,
KLINIK PRATAMA RAWAT INAP AMANAH PERMATA MEDIKA,Klinik Kesehatan,,"922V+77W KLINIK PRATAMA RAWAT INAP AMANAH PERMATA MEDIKA, Area Sawah, Moyoretno, Kec. Matesih, Kabupaten Karanganyar, Jawa Tengah 57781",081325873803,
Klinik Pratama Rawat Inap BDS Pacuan Kuda,Klinik Medis,,"Jl. Pacuan Kuda No.15, Petemon, Kec. Sawahan, Surabaya, Jawa Timur 60252",0315468547,
Klinik Pratama Rawat Inap Buu Ning,Bidan,,"Jl. Mayor Achmadi, Kedunggong, Jeruksawit, Kec. Gondangrejo, Kabupaten Karanganyar, Jawa Tengah 57181",082220582646,
Klinik Pratama Rawat Inap Nova Medika Wanglu Trucuk Klaten,Klinik Medis,,"Jalan Raya, Wanglu, Kec. Trucuk, Kabupaten Klaten, Jawa Tengah 57467",085100850455,
KLINIK PRATAMA RAWAT INAP PKU MUHAMMADIYAH CAWAS,Klinik Medis,,"Daruharjo, Dusun II, Cawas, Kec. Cawas, Kabupaten Klaten, Jawa Tengah 57463",081228391575,
KLINIK PRATAMA RAWAT JALAN AL AZHAR SURABAYA,Klinik Medis,,"Jl. Dupak Bandarejo No.23, Dupak, Kec. Krembangan, Surabaya, Jawa Timur 60179",089654529029,
KLINIK PRATAMA RUMATKITA SURABAYA,Klinik Medis,,"Jl. Dharmahusada Utara No.36b, RT.007/RW.002, Mojo, Kec. Gubeng, Surabaya, Jawa Timur 60285",085310003090,
Klinik Pratama Sahabat Medika,Klinik Kesehatan,,"Jl. Tamansari No.31, Tamansari, Kec. Bandung Wetan, Kota Bandung, Jawa Barat 40116, Tamansari, Kec. Bandung Wetan, Kota Bandung, Jawa Barat 40166",085100173525,
Klinik Pratama Sarodja,Klinik Medis,,"Jl. Ngapak - Kentheng No.Km 8,5, Klajuran, Sidokarto, Kec. Godean, Kabupaten Sleman, Daerah Istimewa Yogyakarta 55264",0274582586,
Klinik Pratama Sehati Bandung,Klinik Kesehatan,,"Ruko Bumi Mas Kencana, Jl. AH. Nasution No.928 Kav. O, Antapani Wetan, Kec. Antapani, Kota Bandung, Jawa Barat 40291",085282213420,
"Klinik Pratama Sehat Mandiri (Dokter Umum, Dokter Gigi, Apotek)",Klinik Medis,,"Jl. Abdul Rahman Saleh No.23, Husen Sastranegara, Cicendo, Bandung City, West Java 40174",081110126909,
Klinik Pratama SEHAT UTAMA,Klinik Medis,,"Jl. Medoho Raya No.21, Sambirejo, Kec. Gayamsari, Kota Semarang, Jawa Tengah 50166",081977606000,
Klinik Pratama Shafira,Klinik Medis,,"Jl. Pandansari II No.688, Pandansari, Kec. Semarang Tengah, Kota Semarang, Jawa Tengah 50139",085656251836,
KLINIK PRATAMA SURYA MEDIKA NGALIYAN,Klinik Medis,,"Jalan Prof. Dr. Hamka No 11B, Jrakah, Semarang Barat, Purwoyoso, Kec. Ngaliyan, Kota Semarang, Jawa Tengah 50184",0247617828,
KLINIK PRATAMA TANDYA,Klinik Tanpa Perjanjian,,"Jl. Semeru No.43, Kauman, Kec. Klojen, Kota Malang, Jawa Timur 65119",081333347041,
Klinik Pratama UM,Klinik Medis,,"Sumbersari, Kec. Lowokwaru, Kota Malang, Jawa Timur 65145",0341551312,
Klinik Pratama Umum Rawat Inap,Klinik Medis,,"48CM+5C8 Klinik Pratama Umum Rawat Inap, Badegan, Bantul, Kec. Bantul, Kabupaten Bantul, Daerah Istimewa Yogyakarta 55711",027568456,
Klinik Pratama UNIMUS,Klinik Kesehatan,,"Jl. Petek Jl. Kp. Gayam, RT.02/RW.06, Dadapsari, Kec. Semarang Utara, Kota Semarang, Jawa Tengah 50173",0895616833383,
KLINIK PRATAMA YONIF 403/WP,Pusat Kesehatan Masyarakat,,"Jl. Pandega Sakti, RT.01/RW.47, Kentungan, Condongcatur, Kec. Depok, Kabupaten Sleman, Daerah Istimewa Yogyakarta 55281",081390787389,
Klinik Pratama Yudonegaran,Klinik Medis,,"Jl. Ibu Ruswo No.44, Prawirodirjan, Gondomanan, Yogyakarta City, Special Region of Yogyakarta 55131","",
KLINIK PRATAMA YUSUF 1,Klinik Kesehatan,,"RUKO MUARA REGENCY, Jl. Leuwi Panjang No.14B, Situsaeur, Kec. Bojongloa Kidul, Kota Bandung, Jawa Barat 40234",082130479800,
Klinik Pratama Yusuf Medika,Klinik Tanpa Perjanjian,,"Jl. A. Yani No.102, Cihapit, Kec. Bandung Wetan, Kota Bandung, Jawa Barat 40112",0227303054,
Klinik & Puskesmas Balai Kesehatan Ibu dan Anak Siti Miriam,Klinik Tanpa Perjanjian,,"JL. Dr. Wahidin, No. 101, Kalirejo Lawang, Rampal Celaket, Kec. Klojen, Kota Malang, Jawa Timur 65111",0341426057,
Klinik Puspita Semarang,Klinik Kesehatan,,"Jl. Citarum No.108, Mlatiharjo, Kec. Semarang Tim., Kota Semarang, Jawa Tengah 50121",08112795548,
KLINIK QANITA 24 JAM (RAWAT INAP),Klinik Kesehatan,,"Jl. Tritunggal Jalan Jotawang No.2, Salakan, Bangunharjo, Kec. Sewon, Kabupaten Bantul, Daerah Istimewa Yogyakarta 55153",02744286506,
Klinik Rafael,Klinik Medis,,"Jl. Plampitan No.33, Bangunharjo, Semarang Tengah, Semarang City, Central Java 50139",0243513888,
Klinik Rawat Inap Elisa Malang,Klinik Medis,,"Jalan Danau Toba E5 No.22, Sawojajar, Kec. Kedungkandang, Kota Malang, Jawa Timur 65139",08113653657,
KLINIK RAWAT INAP SUGEH WARAS,Klinik Medis,,"Gajah, RT.02/RW.03, Gajah, Sedayu, Kec. Jumantono, Kabupaten Karanganyar, Jawa Tengah 57782",081273288929,
Klinik Raya Kerinci,Klinik Medis,,"Jl. Danau Kerinci Raya, Lesanpuro, Kec. Kedungkandang, Kota Malang, Jawa Timur 65138",0341720932,
Klinik Restu Medika,Klinik Medis,,"Jl. Klaten- Karanganom No.Trono, Dusun 1, Tempursari, Kec. Ngawen, Kabupaten Klaten, Jawa Tengah 57466",089523159645,
"Klinik RH Medika Kalasan (Umum, Mandiri Inhealth dan BPJS)",Klinik Medis,,"Jl. Tulung Tamanmartani No.1, Ringin Sari, Tamanmartani, Kec. Kalasan, Kabupaten Sleman, Daerah Istimewa Yogyakarta 55571",082245391419,
KLINIK SANA MEDIKA,Klinik Medis,,"Jl. Kedung Jati No.26, Randusari, Kec. Semarang Sel., Kota Semarang, Jawa Tengah 50244",0248440122,
KLINIK SARANGAN MEDICARE MALANG,Klinik Medis,,"Jl. Sarangan No.11, Lowokwaru, Malang City, East Java 65141",081358483114,
KLINIK SATMOKO,Klinik Kesehatan,,"Jl. Kelud Raya No.4, Petompon, Kec. Gajahmungkur, Kota Semarang, Jawa Tengah 50237",08112999653,
Klinik Sehat Margasari,Klinik Medis,,"Jl. Margasari No.229A, Margasari, Kec. Buahbatu, Kota Bandung, Jawa Barat 40287",02221001501,
Klinik Shofa,Dokter,,"Jl. Solo - Purwodadi No.Km, RT.1/RW.10, Cinet, Bulurejo, Kec. Gondangrejo, Kabupaten Karanganyar, Jawa Tengah 57188",085843735373,
Klinik Siloam Surabaya,Klinik Medis,,"Jl. Nginden Semolo No.91, Menur Pumpungan, Kec. Sukolilo, Surabaya, Jawa Timur 60118",08118629166,
"Klinik SWA : Persalinan, Khitan, Pijat Bayi, BPJS, Dokter Umum, Dokter Gigi, USG, Psikolog, Fisioterapi",Klinik Kesehatan,,"Jl. Salak Jl. Turi No.km 4, Kadisobo II, Trimulyo, Kec. Sleman, Kabupaten Sleman, Daerah Istimewa Yogyakarta 55513",082135456784,
Klinik THT Terpadu Malang,Klinik THT,,"Jl. Cengkeh No.63, Tulusrejo, Lowokwaru, Malang City, East Java 65141",085856578707,
Klinik Tulus Medika,Klinik Medis,,"Jl. Terusan Gatot Subroto No.326, RT.04/RW.04, Kb. Kangkung, Kec. Kiaracondong, Kota Bandung, Jawa Barat 40284","",
Klinik Ultra Medica,Klinik Medis,,"Jl. Nias No.26, Gubeng, Kec. Gubeng, Surabaya, Jawa Timur 60281",08123666261,
KLINIK UMUM PRATAMA BINA SEHAT,Klinik Kesehatan,,"Perum Karangjati Indah 1, Blk. C No.2, RW.1, Gendeng, Bangunjiwo, Kec. Kasihan, Kabupaten Bantul, Daerah Istimewa Yogyakarta 55184",083107393282,
Klinik Universitas Brawijaya,Klinik Medis,,"Jl. MT. Haryono, Ketawanggede, Kec. Lowokwaru, Kota Malang, Jawa Timur 65113",0341571197,
Klinik Utama Al-Faiha Medika Bandung,Dokter Kandungan,,"Jl. Griya Hamdan Asri, Cisaranten Endah, Kec. Arcamanik, Kota Bandung, Jawa Barat 40291",085183118680,
Klinik Utama Amanah Medika,Klinik Spesialis,,"Gemolong, Krendowahono, Kec. Gondangrejo, Kabupaten Karanganyar, Jawa Tengah 57188",085113304799,
Klinik Utama Anak dan Keluarga Children Space Center,Klinik Kesehatan,,"Jl. Imogiri Barat, Ngoto, Tanjung, Kec. Sewon, Kabupaten Bantul, Daerah Istimewa Yogyakarta 55188",081370252311,
Klinik Utama BALKESMAS Klaten,Klinik Kesehatan,,"Jl. Brantas No.1, Dusun 2, Tegalyoso, Kec. Klaten Sel., Kabupaten Klaten, Jawa Tengah 57424",0272321158,
Klinik Utama Bandung Geriatric Care (BGC) ramah Lansia,Klinik Medis,,"Jl. Jawa No.42, Merdeka, Kec. Sumur Bandung, Kota Bandung, Jawa Barat 40113","",
Klinik Utama Bidakara Medical Center Surabaya,Klinik Medis,,"Jl. Jemur Andayani II No.1, Jemur Wonosari, Kec. Wonocolo, Surabaya, Jawa Timur 60237",0318418175,
Klinik Utama Bumi Medika Ganesa ITB,Rumah Sakit,,"Jl. Gelap Nyawang No.2, Lebak Siliwangi, Coblong, Bandung City, West Java 40132",081324253709,
Klinik Utama Bunga Melati,Klinik Medis,,"Jl. Welirang No.27, Oro-oro Dowo, Kec. Klojen, Kota Malang, Jawa Timur 65112","",
Klinik Utama Bunga Melati - Pajajaran,Pusat Kesehatan Masyarakat,,"Jl. Pajajaran No.2, Klojen, Malang City, East Java 65111",08113613628,
Klinik Utama Cito Klinik Semarang,Klinik Kesehatan,,"Jl. Indraprasta No.81A, Pindrikan Lor, Kec. Semarang Tengah, Kota Semarang, Jawa Tengah 50131",0243556853,
Klinik Utama Darra Medika,Klinik Medis,,"Jl. K.H. Ahmad Dahlan No.40, Malabar, Lengkong, Bandung City, West Java 40262",0227308104,
Klinik Utama Hasna Medika Malang,Klinik Spesialis,,"Jl. Ki Ageng Gribig, Madyopuro, Kec. Kedungkandang, Kota Malang, Jawa Timur 65139",0341715643,
Klinik Utama Jati Medika,Klinik Medis,,"Jl. Cikurai No.5, Oro-oro Dowo, Klojen, Malang City, East Java 65119",081225568448,
Klinik Utama Karya Nusantara Medica,Klinik Medis,,"Jl. Maninjau Raya, Sawojajar, Kec. Kedungkandang, Kota Malang, Jawa Timur 65139",081333272853,
Klinik Utama Mata Candi Eye Center @Semarang,Pusat Perawatan Mata,,"Jalan Dokter Wahidin Blok FHG No.2, Candi, Kec. Candisari, Kota Semarang, Jawa Tengah 50254",0248501426,
Klinik Utama MedicElle,Klinik Kesehatan,,"Jl. Raya Gubeng No.11, Gubeng, Kec. Gubeng, Surabaya, Jawa Timur 60281",03130008008,
Klinik Utama Nissa,Klinik Medis,,"Jl. Lawu, Tegalgede, Kec. Karanganyar, Kabupaten Karanganyar, Jawa Tengah 57714",02716498789,
Klinik Utama Oratio Fide - Bandung,Klinik Medis,,"Jl. Dr. Cipto No.5, Pasirkaliki, Cicendo, Bandung City, West Java 40171",0224231987,
KLINIK UTAMA PEDIATREE,Klinik pediatri,,"Jl. Raya Sawojajar Shanghai 2 No.1, Sawojajar, Kec. Kedungkandang, Kota Malang, Jawa Timur 65139",081336664100,
Klinik Utama Prima Medika,Klinik Medis,,"Jl. Prambanan Ruko No.1F, Pacar Keling, Kec. Tambaksari, Surabaya, Jawa Timur 60132",0315053032,
Klinik Utama Sehati Cisaranten,Klinik Medis,,"Jl. Cisaranten Kulon No.113, Cisaranten Kulon, Kec. Arcamanik, Kota Bandung, Jawa Barat 40293",02263722710,
Klinik Utama Surapati,Klinik Medis,,"Jl. Surapati No.23, Lebak Gede, Coblong, Bandung City, West Java 40132",081318557723,
Klinik Utama Ultra Medica,Klinik Kesehatan,,"Jl. Ronggolawe Tim. No.83, RT.06/RW.03, Karangayu, Semarang Barat, Semarang City, Central Java 50149",081226632305,
Klinik Widya Mandiri (Klinik BPJS dan Umum),Klinik Kesehatan,,"Jl. Kali Rungkut 27, Ruko Rungkut Makmur Square, Blok D-18, Kali Rungkut, Rungkut, Surabaya, East Java 60293",0318721711,
Klinik Wiwit,Klinik Medis,,"Gang Kenari, RT.04, Karasan, Jl. Kh Wahid Hasyim, Kadirejo, Palbapang, Kec. Bantul, Kabupaten Bantul, Daerah Istimewa Yogyakarta 55713",085100898240,
Klinik Yofandra,Klinik Medis,,"7M56+QR5 Klinik Yofandra, Jalan Raya, Dosara, Kalikebo, Kec. Trucuk, Kabupaten Klaten, Jawa Tengah 57467",08122610885,
Klinik Yogyakarta,Klinik Tanpa Perjanjian,,"Hotel Plaza Cakra Kembang 2nd Floor, JL Kaliurang, Km. 5, 5 No. 44, Manggung, Caturtunggal, Yogjakarta, Kabupaten Sleman, Daerah Istimewa Yogyakarta 55284",0274584000,
Klinik Yoso Husada Parno,Rumah Sakit,,"Jl. Sriningsih, Ngringin, Muruh, Kec. Gantiwarno, Kabupaten Klaten, Jawa Tengah 57455",02723391102,
KMN EyeCare - Semarang (Klinik Mata Nusantara),Pusat Perawatan Mata,,"Jl. Ahmad Yani No.164, Karangkidul, Kec. Semarang Tengah, Kota Semarang, Jawa Tengah 50242",02430006688,
Kusuma Dental Care: Dental Center Bantul,Klinik Gigi,,"Jl. Diponegoro No.19, Kurahan, Bantul, Bantul Regency, Special Region of Yogyakarta 55711",081939860009,
Lab Medis dan Klinik Budi Sehat Jalan Kaliurang Yogyakarta,Klinik Medis,,"Jl. Kaliurang No.62, Ngabean Kulon, Sinduharjo, Kec. Ngaglik, Kabupaten Sleman, Daerah Istimewa Yogyakarta 55581",02742253662,
Laboratorium Klinik Patimura,Laboratorium Medis,,"Jl. Patimura No.17, Klojen, Kec. Klojen, Kota Malang, Jawa Timur 65111",0341324747,
Laboratorium Medis dan Klinik Kimia Farma Bromo Malang,Laboratorium Medis,,"Jl. Kawi No.22 A, Kauman, Kec. Klojen, Kota Malang, Jawa Timur 65119",0341349969,
Larissa Aesthetic Center Bantul,Klinik Perawatan Kulit,,"Jl. Bantul Km.10 Melikan Lor, Badegan, Bantul, Kec. Bantul, Kabupaten Bantul, Daerah Istimewa Yogyakarta 55711",08112984740,
Larissa Aesthetic Center Klaten,Klinik Perawatan Kulit,,"Jl. Pramuka No.45, Pondok, Klaten, Kec. Klaten Tengah, Kabupaten Klaten, Jawa Tengah 57411",085867018866,
Larissa Aesthetic Center Malang,Klinik Perawatan Kulit,,"Jl. Arjuno No.17, Kauman, Kec. Klojen, Kota Malang, Jawa Timur 65119",08112540832,
Madani kecantikan klaten,Ahli estetika,,"Bramen, Sekarsuli, Kec. Klaten Utara, Kabupaten Klaten, Jawa Tengah 57438",085230814237,
MAE Dental - Klinik Gigi Klaten,Klinik Gigi,,"Jl. Rajawali No.86, Tegalmulyo, Kabupaten, Klaten Tengah, Klaten Regency, Central Java 57413",087802349191,
Mahayu Aesthetic Clinic Malang,Klinik Perawatan Kulit,,"Ruko Soekarno Hatta, KAV IV No.30, Jatimulyo, Kec. Lowokwaru, Kota Malang, Jawa Timur 65141",08977400304,
Manajemen Klinik Korpagama UGM,Klinik,,,085640616755,
"""MANDIRI""",Dokter,,"XFR6+CG7 ""MANDIRI"", no, Jl. Sendangguwo Baru II, Gemah, Kec. Pedurungan, Kota Semarang, Jawa Tengah 50246","",
Mandiri ATM SPBU DR Cipto,Bank,,"Jalan Dokter Cipto, Karangturi, Semarang, Kota Semarang, Jawa Tengah 50124",02152997777,
Mandiri Dos/ MD,Dokter,,"Jl. Wonocatur No.92, Wonocatur, Banguntapan, Kec. Banguntapan, Kabupaten Bantul, Daerah Istimewa Yogyakarta 55198",02748569054,
Mc Glow klinik pratama,Dokter,,"Komplek Cibaduyut Permai, Jl. Borobudur No.1, Cibaduyut Kidul, Kec. Bojongloa Kidul, Kota Bandung, Jawa Barat 40239",085878787863,
MelVal Labskin Malang - Klinik Kecantikan Malang Spesialis Infus Whitening,Klinik Perawatan Kulit,,"Jl. Guntur No.29, Oro-oro Dowo, Kec. Klojen, Kota Malang, Jawa Timur 65119",082142196415,
MelVal Labskin Surabaya - Klinik Kecantikan Surabaya Spesialis Infus Whitening,Klinik Perawatan Kulit,,"Jl. Raya Darmo Permai II No.3A, Sukomanunggal, Kec. Sukomanunggal, Surabaya, Jawa Timur 60188",082142196415,
Mey Beauty & Praktik Mandiri Dr. Siti Samiyah,Dokter,,"WQVR+8M4 Mey Beauty & Praktik Mandiri Dr. Siti Samiyah, Genangkah, Burneh, BurnehKabupaten, Kabupaten Bangkalan, Jawa Timur 69121","",
Miracle Aesthetic Clinic Malang,Klinik Perawatan Kulit,,"Jl. Wilis No.6, Gading Kasri, Kec. Klojen, Kota Malang, Jawa Timur 65112",0341568399,
MK Skin Clinic Semarang,Klinik Perawatan Kulit,,"Jl. Mayor Jend. D.I. Panjaitan No.74, Brumbungan, Kec. Semarang Tengah, Kota Semarang, Jawa Tengah 50135",02486578109,
MS Glow Aesthetic Malang,Klinik Perawatan Kulit,,"Jl. Guntur No.08, Oro-oro Dowo, Kec. Klojen, Kota Malang, Jawa Timur 65119",081138819199,
Naavagreen Klaten,Klinik Perawatan Kulit,,"Jl. Pemuda Nomor No.138, Sikenong, Kabupaten, Kec. Klaten Tengah, Kabupaten Klaten, Jawa Tengah 57411",0272327928,
Naira Klinik 24 Jam,Klinik Medis,,"F27Q+FJQ Naira Klinik 24 Jam, Randu Bener, Kuto, Kec. Kerjo, Kabupaten Karanganyar, Jawa Tengah 57753","",
NATAMA MEDIKA (Praktik Mandiri Dokter Gigi),Dokter Gigi,,"Jl. Raya Panyileukan Komp. Bumi Panyileukan Blok G 9 kav 15, Cipadung Kidul, Panyileukan, Bandung City, West Java 40614","",
Natasha Skin Clinic Klaten,Klinik Perawatan Kulit,,"Jl. Rajawali No.15, Bareng Kidul, Bareng, Kec. Klaten Tengah, Kabupaten Klaten, Jawa Tengah 57414",0272322288,
NDC Esthetic Dental Clinic Sigura-gura (Ubud Malang),Klinik Gigi,,"Jl. Bend. Sigura-Gura Barat No.56B, Karangbesuki, Kec. Sukun, Kota Malang, Jawa Timur 65149",085336376577,
Norma Aesthetic Clinic Semarang,Klinik Perawatan Kulit,,"Jl. MT. Haryono No.655, Wonodri, Kec. Semarang Sel., Kota Semarang, Jawa Tengah 50242",02476443202,
Nuerys Klinik Kecantikan Klaten,Klinik Perawatan Kulit,,"Jl. Ki Ageng Panjawi No.1, Kwoso, Gergunung, Kec. Klaten Utara, Kabupaten Klaten, Jawa Tengah 57434",082137176464,
Oemah Biru,Konsultan Kesehatan,,"Kenayan, Wedomartani, Kec. Ngemplak, Kabupaten Sleman, Daerah Istimewa Yogyakarta 55584","",
OMINA SKIN TEUKU UMAR SEMARANG,Klinik Perawatan Kulit,,"Jl. Teuku Umar No.25B, Karangrejo, Gajahmungkur, Semarang City, Central Java 50231",08112930085,
Poliklinik Daarus-Syifa',Klinik Medis,,"Jl.Pasopati No.42 Maesan, RT.02, Kauman, Tamanan, Kec. Banguntapan, Kabupaten Bantul, Daerah Istimewa Yogyakarta 55191",087739383700,
Poliklinik Umum Dan Poli Gigi,Pusat Kesehatan Masyarakat,,"2JJF+G3G Poliklinik Umum Dan Poli Gigi, Jl. Ijen, Oro-oro Dowo, Kec. Klojen, Kota Malang, Jawa Timur 65119","",
Poli Spesialis Pukesmas Banyu Urip,Rumah Sakit,,"No Jl. Banyu Urip Kidul VI No.8, Banyu Urip, Sawahan, Surabaya, East Java 60254",085732341341,
Posyandu Teratai,Pusat Kesehatan Masyarakat,,"Jalan Ranugranti No.6, Sawojajar, Kec. Kedungkandang, Kota Malang, Jawa Timur 65139","",
Praktek Dokter Al Barra Medika,Dokter,,":, Kel Kab, RT.001/RW.007, Brongkol Lor, Geneng, Kec. Jumapolo, Kabupaten Karanganyar, Jawa Tengah 57783",085267257368,
Praktek Dokter Asih Karmiati,Dokter Umum,,"PERUMAHAN SUBUR MAKMUR, Jl. Lawu No.22, Suburmakmur, Ngringo, Kec. Jaten, Kabupaten Karanganyar, Jawa Tengah 57731",0816675397,
"Praktek Dokter Bersama (dr. DAVID, MMRS)",Dokter Umum,,"Jl. Laksda Adi Sucipto No.148, Blimbing, Kec. Blimbing, Kota Malang, Jawa Timur 65126",0341489539,
"Praktek Dokter Dan Praktek Keperawatan Mandiri Eko Suhartono,S.kep.,Ns",Klinik Kesehatan,,"7JWM+P3V Praktek Dokter Dan Praktek Keperawatan Mandiri Eko Suhartono,S.kep.,Ns, klinik berkahmedika,perum dewiindah e4, Dusun II, Gemblegan, Kec. Kalikotes, Kabupaten Klaten, Jawa Tengah 57451",085878715006,
Praktek DOKTER dr.Desi Setiyani,Dokter Umum,,"Modangan 005 No.008, Blotongan, Kec. Sidorejo, Kota Salatiga, Jawa Tengah 50715",081385524549,
Praktek Dokter Dr. HJ Emi Tamaroh,Dokter,,"48JQ+524 Praktek Dokter Dr. HJ Emi Tamaroh, Jl. Bantul, Sawahan, Pendowoharjo, Kec. Sewon, Kabupaten Bantul, Daerah Istimewa Yogyakarta 55186","",
Praktek Dokter Gigi drg.Rizal Hanif Dharmawan,Dokter Gigi,,"Jl. Mayjen Yudomo SHD No.17, Dompon, Karanganyar, Karanganyar Regency, Central Java 57711",085330298698,
Praktek dokter gigi Mandiri,Dokter Gigi,,"Jl. KH. Sirojudin No.1c, Tembalang, Kec. Tembalang, Kota Semarang, Jawa Tengah 50275",08159594340,
Praktek dokter hewan mandiri,Dokter Hewan,,"Telenggongan RT 5, Tlogo, Kb. Agung, Kec. Imogiri, Kabupaten Bantul, Daerah Istimewa Yogyakarta 55782",082135216317,
Praktek Dokter Hewan Mandiri,Dokter Hewan,,"Sumber No.RT 01, Ngentak, Sumberagung, Kec. Jetis, Kabupaten Bantul, Daerah Istimewa Yogyakarta 55781",089649492709,
Praktek Dokter Hewan Mandiri Drh. Helmy | Ruby Vet,Dokter Hewan,,"Jl. Mondoroko Selatan Gg. 3 No.54 B, Mondoroko, Banjararum, Kec. Singosari, Kabupaten Malang, Jawa Timur 65153",08813831477,
Praktek Dokter Hewan Mandiri drh Zunaizah ( Ayun ),Dokter Hewan,,"Rumah ke 2 dari sungai, Jl. Rocket, RT.5/RW.23, Gombang, Tirtoadi, Kec. Mlati, Kabupaten Sleman, Daerah Istimewa Yogyakarta 55287",085647711998,
"Praktek dokter kandungan dr. Ananto Prasetyo, SpOG",Dokter Kandungan,,"Ruko Grand Sungkono, Jl. Mayjen Sungkono No.B7 No 176, Dukuh Pakis, Kec. Dukuhpakis, Surabaya, Jawa Timur 60189",082323778700,
PRAKTEK DOKTER KLINIKU CAWAS,Klinik Kesehatan,,"Jl. Tembus Barepan No.16, Gebang, Barepan, Kec. Cawas, Kabupaten Klaten, Jawa Tengah 57463",085713474209,
praktek dokter mandiri,Klinik Kesehatan,,"XQCP+6QR praktek dokter mandiri, Jl. Raya Cicalengka - Majalaya, Tangsimekar, Kec. Majalaya, Kabupaten Bandung, Jawa Barat 40383",082174398299,
Praktek dokter mandiri,Dokter,,"78M7+RXC Praktek dokter mandiri, Unnamed Road, Sompokan, Margomulyo, Kec. Seyegan, Kabupaten Sleman, Daerah Istimewa Yogyakarta 55561","",
Praktek Dokter Mandiri,Dokter,,"Jl. Raya Sine No.KM 4, Tunggul, Tarik, Sragen Regency, Central Java 57254","",
Praktek Dokter Mandiri,Dokter,,"Gg. V No.5, Jombang, Kec. Jombang, Kabupaten Jombang, Jawa Timur 61413","",
Praktek Dokter Mandiri,Klinik Kesehatan,,"Dsn.Bangun RT/RW 03/02, Bangun, Baluk, Kec. Karangrejo, Kabupaten Magetan, Jawa Timur 63395",085746360989,
Praktek Dokter Mandiri,Dokter Umum,,"3G6Q+VXG Praktek Dokter Mandiri, Jl. Jati Indah, Nanjung, Kec. Margaasih, Kabupaten Bandung, Jawa Barat 40217","",
Praktek Dokter Mandiri Bayung Lapangan,Klinik Kesehatan,,"Jl. Gajah Mada No.RT.52/RW.10, Dusun Kepuh, Sukopuro, Kec. Jabung, Kabupaten Malang, Jawa Timur 65155",082323986844,
PRAKTEK DOKTER MANDIRI dr. AINUL YAKIN,Dokter Umum,,"Jl. Raya Barisan, Barisan, Arjowilangun, Kec. Kalipare, Kabupaten Malang, Jawa Timur 65166","",
Praktek Dokter Mandiri dr Erria Trisna Diniaty,Dokter,,"Jl. Raya Talang Suko, Padi, Talangsuko, Kec. Turen, Kabupaten Malang, Jawa Timur 65175",087701622572,
Praktek Dokter Mandiri dr. Hanifah Khoirunnisa,Klinik Medis,,"Jl. Raya Pundong, Gunung Puyuh RT03, Panjangrejo, Seloharjo, Kec. Pundong, Kabupaten Bantul, Daerah Istimewa Yogyakarta 55771",082326056545,
Praktek Dokter Mandiri dr. Maria Margaretha Sutisna,Dokter Umum,,"Jl. Cibaduyut Lama No.67, Kb. Lega, Kec. Bojongloa Kidul, Kota Bandung, Jawa Barat 40235","",
Praktek Dokter Mandiri dr. Muhamad Rif'at,Klinik Kesehatan,,"Ruko Regency One, Jl. Raya Wonorejo N0. 6, Wonorejo, Kec. Rungkut, Surabaya, Jawa Timur 60296",082332965240,
Praktek Dokter Mandiri dr. M. Zamroni,Dokter,,"Jl. Tanjung, RT.01/RW.07, Tanjung, Banjararum, Kec. Singosari, Kabupaten Malang, Jawa Timur 65153",082147604315,
"Praktek Dokter Mandiri dr. Rafika Astarina, Sariwangi",Dokter Umum,,"Jl. Lentera Sariwangi No.2, Mekarwangi, Kec. Parongpong, Kabupaten Bandung Barat, Jawa Barat 40559",082127176005,
Praktek Dokter Mandiri & Garuda Khitan Center (dr. Kautsar H & dr. Dianika RA),Klinik Medis,,"Dk. Karang, Jl. Permata No.RT 003/007, Sawah, Sanggrahan, Grogol, Sukoharjo Regency, Central Java 57552",085171683636,
PRAKTEK DOKTER MANDIRI (Home Care) dr. Esther Magdalena R,Dokter,,"Jl. Kebalen Wetan II No.5, North Krembangan, Pabean Cantikan, Surabaya, East Java 60163",08133121358,
Praktek Dokter Perawat Mandiri,Klinik Kesehatan,,"Dsn Cerabaan, RT.13/RW.02, Krabaan, Sumbersuko, Kec. Dampit, Kabupaten Malang, Jawa Timur 65181",082315999023,
praktek dokter Slamet widodo Msc sp.THT Kl,Ahli Otolaringologi,,"Jl. Brigjen Katamso No.38, Kadirejo, Palbapang, Kec. Bantul, Kabupaten Bantul, Daerah Istimewa Yogyakarta 55713",087871329467,
PRAKTEK DOKTER & SUNAT AL-MUBARAK RANCAMANYAR,Dokter,,"Jl. Bojongmalaka, Rancamanyar, Kec. Baleendah, Kabupaten Bandung, Jawa Barat 40375",02285942106,
Praktek Dokter Ulia Ari,Dokter,,"Jl. Pakis Tirtosari No.19, RT.005/RW.05, Pakis, Kec. Sawahan, Surabaya, Jawa Timur 60256",081362000998,
Praktek dokter umum,Dokter Umum,,"Jl. Maninjau Raya No.38A Ruko Sawojajar, Sawojajar, Kec. Kedungkandang, Kota Malang, Jawa Timur 65139",082139278277,
Praktek Dokter Umum Al-Faruq,Dokter,,"2, Jl. Bulak Rukem Tim. No.6-258, Bulak, Kec. Bulak, Surabaya, Jawa Timur 60124",0315150773,
Praktek dokter umum dr. Ana Dewi Lukitasari,Klinik Kesehatan,,"Jl. Salakan Jotawang No.252, Salakan, Bangunharjo, Bantul, Kabupaten Bantul, Daerah Istimewa Yogyakarta 55188","",
Praktek Dokter Umum dr Astri Minda,Dokter Umum,,"Jl. Sekemala.51, Jl. Puri Kumala Residence No.Kav 03, Pasanggrahan, Kec. Ujung Berung, Kota Bandung, Jawa Barat 40617",083822822869,
Praktek Dokter Umum dr.Iryani R Ambarwati,Dokter Keluarga,,"Jl. Jend. Gatot Subroto No.RT.01/01, Dawan, Gaum, Kec. Tasikmadu, Kabupaten Karanganyar, Jawa Tengah 57721",08122640064,
Praktek Dokter Umum dr. Muslikha Triastuti,Dokter,,"XF3H+HJH Praktek Dokter Umum dr. Muslikha Triastuti, Jl. Klipang, Sendangmulyo, Kec. Tembalang, Kota Semarang, Jawa Tengah 50272",082137319058,
Praktek Dokter Umum dr.Rini Widayasih,Dokter Umum,,"RT 01, Kertan, Sumberagung, Kec. Jetis, Kabupaten Bantul, Daerah Istimewa Yogyakarta 55781",087839910646,
Praktek Dokter Umum Dr.wahyudi Santoso,Dokter Umum,,"493C+63X Praktek Dokter Umum Dr.wahyudi Santoso, Jl. Imogiri Barat, Turi, Sumberagung, Kec. Jetis, Kabupaten Bantul, Daerah Istimewa Yogyakarta 55781",081807861186,
Praktek Dokter Umum Kalioso,Dokter,,"Sambirejo, Tuban, Gondangrejo, Karanganyar Regency, Central Java 57188",081393539020,
Praktek Dokter Umum Mandiri dr. Lidya Irawan,Dokter,,"Jl. Puncak Trikora No.12, Karangbesuki, Sukun, Malang City, East Java 65146",081335813580,
Praktek dr. Asril Muhammad Rasyid dan Rekan,Dokter,,"Jl. Jedong III No.24A, RT.006/RW.02, Pacar Keling, Kec. Tambaksari, Surabaya, Jawa Timur 60131","",
Praktek dr. Engkris T. Hermawan,Dokter,,"Jl. Jend. Urip Sumoharjo No.km.14, Mangunharjo, Kec. Tugu, Kota Semarang, Jawa Tengah 50154",085640009197,
Praktek dr Ira Gunawan,Dokter,,"Jl. Mulyosari Utara V No.19, Kalisari, Mulyorejo, Surabaya, East Java 60112","",
"Praktek dr. Ivan Oetomo, MPH",Dokter,,"Jl. Bougenville No.C2, Gatak, Gajahan, Colomadu, Karanganyar Regency, Central Java 57176","",
Praktek dr Larasati M. Kes SP.A,Dokter,,"Area Sawah, Pendowoharjo, Kec. Sewon, Kabupaten Bantul, Daerah Istimewa Yogyakarta 55186",08137840352,
Praktek dr.M.Dedi Dermawan,Kantor Perusahaan,,"Jl. Semolowaru No.117, Semolowaru, Kec. Sukolilo, Surabaya, Jawa Timur 60119",082336073177,
Praktek dr. Sandra (Gwat Hwa),Dokter,,"Simo Pomahan V S No.C9, Simomulyo, Sukomanunggal, Surabaya, East Java 60281",085731686886,
"Praktek dr Stephani Linggawan,SpTHT-KL (dokter THT) surabaya",Dokter,,"Jl. Ploso Baru No.61, Ploso, Tambaksari, Surabaya, East Java 60133",08121684859,
"Praktek dr Teguh Santoso.,M.Kes AAAM.,AIFO-K (Anti Aging Medicine)",Jasa Medis Lokal,,"Jl. Mojo Klanggru Kidul Blk. F No.38, RT.14/RW.05, Mojo, Kec. Gubeng, Surabaya, Jawa Timur 60285",081553574503,
"Praktek dr. Uning Marlina, MHSM.,SpOG",Klinik Medis,,"Jl. Dr. Ir. H. Soekarno No.247, Medokan Semampir, Kec. Sukolilo, Surabaya, Jawa Timur 60111",081336835005,
Praktek dr. Widya,Klinik Medis,,"Perumahan Mataram Bumi Sejahtera Jalan Tambakboyo Raya no 106, Ngringin, Condong Catur, Depok, Sleman Regency, Special Region of Yogyakarta 55281",0895328321276,
Praktek Keperawatan Mandiri Suwito Muryani,Klinik Medis,,"Puluhan, Trucuk, Klaten Regency, Central Java 57467",085228006429,
praktek mandiri,Dokter,,"8J65+78X praktek mandiri, Dadmulyo, Gergunung, Kec. Klaten Utara, Kabupaten Klaten, Jawa Tengah 57434",085712093354,
Praktek Mandiri,Klinik Medis,,"8G7F+9C6 Praktek Mandiri, Jl. Kaliworo, Dusun III, Kadilajo, Kec. Karangnongko, Kabupaten Klaten, Jawa Tengah 57483","",
Praktek Mandiri,Dokter,,"9H2W+7C3 Praktek Mandiri, Jl. Klaten - Jatinom, Pancasan, Gedaren, Kec. Jatinom, Kabupaten Klaten, Jawa Tengah 57481","",
Praktek Mandiri,Klinik Medis,,"2F9J+HPH Praktek Mandiri, RT.002/RW.004, Ketangi, Banyusoco, Kec. Playen, Kabupaten Gunungkidul, Daerah Istimewa Yogyakarta 55861","",
Praktek Mandiri Akupunktur SHARA,Praktisi Pengobatan Alternatif,,"Dusun IV, Jaten, Kec. Jaten, Kabupaten Karanganyar, Jawa Tengah 57731",085718271712,
PRAKTEK MANDIRI BIDAN & DOKTER SEHATI,Bidan,,"Gg. 22A No.88, Pandanwangi, Kec. Blimbing, Kota Malang, Jawa Timur 65124",088217491236,
Praktek Mandiri Bidan Novi Wulandari,Dokter,,"66XH+F6H Praktek Mandiri Bidan Novi Wulandari, Sembuhan Lor, Sendangmulyo, Kec. Minggir, Kabupaten Sleman, Daerah Istimewa Yogyakarta 55562",08122729581,
"PRAKTEK MANDIRI BIDAN (PMB) S. S. NINGSIH, SKM., S.Keb.",Klinik Kesehatan,,"Kelurahan, RT.02/RW.02, Nano, Tawangmangu, Kec. Tawangmangu, Kabupaten Karanganyar, Jawa Tengah 57792",082138812858,
Praktek Mandiri Dian Sella,Dokter,,"3JQM+VXW Praktek Mandiri Dian Sella, Gg. Mbah Rasiman Jl. Raya Gembrung, Tirtsarai, Tanjungtirto, Kec. Singosari, Kabupaten Malang, Jawa Timur 65153","",
Praktek Mandiri Dokter,Kantor Pemerintah,,"PHWH+RJV Praktek Mandiri Dokter, Hendrosalam, Boboh, Menganti, Gresik Regency, East Java 61174","",
Praktek Mandiri Dokter,,,"2QV5+Q4W Praktek Mandiri Dokter, Jl. Buah Dua, Rancaekek Wetan, Kec. Rancaekek, Kabupaten Bandung, Jawa Barat 40394","",
Praktek Mandiri Dokter Agnes Amalia,Dokter,,"Jl. Raya Buncitan, RT.01/RW.01, Dusun Buncitan, Buncitan, Kec. Sedati, Kabupaten Sidoarjo, Jawa Timur 61253",082231228225,
"Praktek Mandiri Dokter Anak Dr. dr. Asri Purwanti, SpAK, M.Pd",Dokter Anak,,"Jl. Cempedak Raya 1 Jl. Sompok Lama No.11a, Lamper Lor, Kec. Semarang Sel., Kota Semarang, Jawa Tengah 50249",08999992625,
Praktek Mandiri Dokter Arika,Klinik Kesehatan,,"Dusun karang dalam, RT./RW/RW.001/004, Karangdalam, Pademawu Bar., Kec. Pademawu, Kabupaten Pamekasan, Jawa Timur 69323",082132934773,
PRAKTEK MANDIRI DOKTER ARIS RIYANTO NUGROHO,Dokter,,"Tanjung, Wedoro, Kec. Penawangan, Kabupaten Grobogan, Jawa Tengah 58161",08122922941,
PRAKTEK MANDIRI DOKTER DEPIS TRI PALUPI,Dokter,,"6HVP+H8R PRAKTEK MANDIRI DOKTER DEPIS TRI PALUPI, Jl. Pandanaran, Kuntulan, Pandes, Kec. Wedi, Kabupaten Klaten, Jawa Tengah 57461","",
PRAKTEK MANDIRI DOKTER dr.MEDA MANDIRA,Klinik Medis,,"Kedinding Lor No.3, Tanah Kali Kedinding, Kec. Kenjeran, Surabaya, Jawa Timur 60129","",
Praktek Mandiri Dokter dr. Mia Felina P,Dokter,,"Jl. Bugis Krajan Timur No.12, Boro Bugis, Saptorenggo, Malang, Malang Regency, East Java 65154",0341471140,
PRAKTEK MANDIRI DOKTER GIGI drg DIAN ARY PUSPITALOKA,Dokter Gigi,,"Jl. Lingga Bar. No.dalam 1, RT.2/RW.1, Gedanganak, Kec. Ungaran Tim., Kabupaten Semarang, Jawa Tengah 50519","",
Praktek Mandiri Dokter Gigi Frida Elisa Azri,Klinik Gigi,,"Jl. Watu Kaji Raya, Gedawang, Banyumanik, Semarang City, Central Java 50266",085183329191,
Praktek Mandiri Dokter Gigi Leona,Dokter Gigi,,"Jl. Banjarsari No.2, Tembalang, Semarang City, Central Java 50275",081958000404,
"Praktek Mandiri Dokter Gigi Spesialis Konservasi Gigi (Maria E. K. H, drg., Sp. KG)",Klinik Gigi,,"Jl. Kupang Indah XX No.8, Dukuh Kupang, Kec. Dukuhpakis, Surabaya, Jawa Timur 60189",081770078000,
PRAKTEK MANDIRI DOKTER (HOME CARE),Dokter,,"Jl. Kebalen Wetan II No.5, North Krembangan, Pabean Cantikan, Surabaya, East Java 60163",08133121358,
Praktek Mandiri Dokter Ika Octaviani Arta,Dokter,,"3CV5+WRC Praktek Mandiri Dokter Ika Octaviani Arta, Nogosari I, Wukirsari, Kec. Imogiri, Kabupaten Bantul, Daerah Istimewa Yogyakarta 55782","",
"praktek mandiri dokter iman ,M.Kes, Phd, spKKLP",Dokter,,,081326369960,
"Praktek mandiri dokter kesehatan jiwa (dr.Hilda puspa indah, Sp.KJ.)",Dokter,,"Jl. Sukahaji No.135 D, Sukarasa, Kec. Sukasari, Kota Bandung, Jawa Barat 40152",081222273464,
Praktek Mandiri Dokter Otton Mula,Dokter,,"Jl. Donowati Gg. 7 No.36, Sukomanunggal, Surabaya, East Java 60188","",
Praktek Mandiri Dokter Ridwan Maulana,Dokter Umum,,"Jl. Sukarasa No.10, RT.02/RW.11, Citeureup, Kec. Cimahi Utara, Kota Cimahi, Jawa Barat 40512",081111123093,
Praktek mandiri dokter Satria Ekatama,Pusat Kesehatan Masyarakat,,"sadili (perumahan cluster Al Hamim, Jl. KH. Ahmad Syadili, Jelegong, Kec. Rancaekek, Kabupaten Bandung, Jawa Barat 40394",081276592352,
Praktek Mandiri Dokter Sifa Dea Shinta,Klinik Kesehatan,,"Sukawangi Kidul No.13, Jelegong, Kec. Kutawaringin, Kabupaten Bandung, Jawa Barat 40911",081215618767,
"Praktek Mandiri Dokter Spesialis Anak Temanggung (dr. Indah Nurhayati, Sp. A)",Klinik Kesehatan,,"M657+3JM Praktek Mandiri Dokter Spesialis Anak Temanggung (dr. Indah Nurhayati, Sp. A), Kranggan-Kaloran, Kenalan, Kranggan, Kec. Kranggan, Kabupaten Temanggung, Jawa Tengah 56271","",
Praktek Mandiri Dokter Spesialis THT (Raho By Pass Pandaan),Klinik Kesehatan,,"Jl. Raya By Pass Lingkungan Ruko B2, 3, 4, Kluncing, Petungasri, Kec. Pandaan, Pasuruan, Jawa Timur 67156",08113342222,
Praktek Mandiri Dokter Umum dr. Angela Oktaviani,Dokter,,"Jl. Pancawarna No.1, Mulyoasri, Tulungrejo, Kec. Pare, Kabupaten Kediri, Jawa Timur 64212",082299440078,
Praktek Mandiri Dokter Umum (dr.Arum),Dokter,,"9H2W+7C3 Praktek Mandiri Dokter Umum (dr.Arum), Jl. Klaten - Jatinom, Pancasan, Gedaren, Kec. Jatinom, Kabupaten Klaten, Jawa Tengah 57481","",
Praktek Mandiri Dokter Umum dr. Juliatul Mahqfiroh,Dokter Umum,,"Jl. Alana Regency Cemandi No.39 Blok H5, Sawah, Tambakcemandi, Kec. Sedati, Kabupaten Sidoarjo, Jawa Timur 61253",082232888312,
Praktek Mandiri Dokter Vian,Klinik Kesehatan,,"Dk Kejaro, RT.02/RW.04, Condong, Kedawung, Kec. Banyuputih, Kabupaten Batang, Jawa Tengah 51271",085942111223,
praktek mandiri dr Ambarita,Dokter,,"XGGR+QW7 praktek mandiri dr Ambarita, Jl. Raya Gading Tutuka, Cingcin, Soreang, Bandung Regency, West Java 40921","",
PRAKTEK MANDIRI dr. ASTRI P EKNA H,Dokter Umum,,"Ds. Plumbangan No.42, RT.01/RW.03, Plumbangan, Kec. Doko, Kabupaten Blitar, Jawa Timur 66186","",
Praktek Mandiri dr Citra Ayu Rosenda,Dokter Umum,,"Jl. Ketileng Indah Raya I Jl. Ketileng Indah Raya No.14, Sendangmulyo, Kec. Tembalang, Kota Semarang, Jawa Tengah 50272",085740191172,
Praktek Mandiri drg. Dhiya Atika,Klinik Gigi,,"Jl. Karah No.7A, Karah, Kec. Jambangan, Surabaya, Jawa Timur 60232",085607801146,
Praktek Mandiri drg Endah Aryati,Dokter Gigi,,"Jl. Tlogosari Raya 1 No.52, Tlogosari Kulon, Kec. Pedurungan, Kota Semarang, Jawa Tengah 50196","",
Praktek Mandiri Drg Paula Ariotejo,Dokter Gigi,,"Ruko Cluster Pesona, Jl. Kosar, Pasir Endah, Kec. Ujung Berung, Kota Bandung, Jawa Barat 40619",08815875070,
Praktek Mandiri drg razak Wisma permai,Dokter Gigi,,"Jl. Wisma Permai Tengah IX No.7 blok KK, Mulyorejo, Kec. Mulyorejo, Surabaya, Jawa Timur 60115",08810368771,
Praktek mandiri drg. Rizki Amalia Safitrie,Klinik Gigi,,"Inside HelloFriday Lash, Jl. Dharmawangsa No.121 Lt. 1, Kertajaya, Kec. Gubeng, Surabaya, Jawa Timur 60282",081990066161,
Praktek mandiri drg. Sherliana,Dokter Gigi,,"Jl. Dusun Biru, Nusupan, Trihanggo, Kec. Gamping, Kabupaten Sleman, Daerah Istimewa Yogyakarta 55291","",
Praktek Mandiri drh. Mukhlas,Dokter,,"Dusun Blongoran, RT.06/RW.03, Blogoran, Polobogo, Kec. Getasan, Kabupaten Semarang, Jawa Tengah 50774",08122876898,
Praktek Mandiri Dr. Kusnadi Rusli,Dokter,,"2C3W+7CX Praktek Mandiri Dr. Kusnadi Rusli, Jl. Gajah Raya No.14, Pandean Lamper, Kec. Gayamsari, Kota Semarang, Jawa Tengah 50166","",
Praktek mandiri Dr. Luzy Sianiwati Setiahardja,Dokter Umum,,"Di apotik Tunas Jaya, Seberang apotik Perintis Jl. Pasar Barat No.15, Kb. Jeruk, Kec. Andir, Kota Bandung, Jawa Barat 40181",083820920434,
Praktek Mandiri dr. Mella,Dokter Umum,,"Jl. Pramuka No.29, RT.04/RW.09, Krajan, Kalirejo, Kec. Lawang, Kabupaten Malang, Jawa Timur 65216",085946003555,
Praktek Mandiri dr. Mohammad Roby Ervananda,Dokter Umum,,"RT.001/RW.004, Paras Kulon, Rejosalam, Pasrepan, Pasuruan Regency, East Java 67175",082257868724,
"Praktek Mandiri dr. Raditya Ery, Sp.OG - Kertajaya",Dokter Kandungan,,"Jl. Kertajaya Indah Tengah No.27, Manyar Sabrangan, Kec. Mulyorejo, Surabaya, Jawa Timur 60116",082113456018,
Praktek mandiri dr Ratih Retnawulan SpDVE FINSDV,Dermatolog,,"Ruko Lucky Business Center, Jl. Taman Kopo Indah 1 No.A1, Sayati, Kec. Margahayu, Kabupaten Bandung, Jawa Barat 40228",088298312427,
Praktek Mandiri dr. Roby Julian,Dokter,,"Jl. Bulak Bateng Wetan 15 Kel No.62, RT.14/RW.08, Sidotopo Wetan, WetanKec, Surabaya, Jawa Timur 60128",083893222540,
Praktek Mandiri dr. Roro Puji Waty,Dokter,,"8B No, Jl. Cucak Rawun Raya Jl. Sawojajar II No.7, Ngadipuro Lor, Sekarpuro, Pakis, Malang Regency, East Java 65154","",
"Praktek Mandiri dr. Sugiharta Tandya., Sp.PK",Klinik Kesehatan,,"Jl. Semeru No.43, Kauman, Kec. Klojen, Kota Malang, Jawa Timur 65119",082142044746,
Praktek mandiri dr verawati,Dokter,,"Dsn pilanggrowok, Pilangdowo, Mojopilang, Kec. Kemlagi, Kabupaten Mojokerto, Jawa Timur 61353",085648420491,
Praktek Mandiri dr. Yudy Herryantoro MH. MM.,Dokter Keluarga,,"Pondok Jati II BN-10, Pondokjati, Pagerwojo, Kec. Buduran, Kabupaten Sidoarjo, Jawa Timur 61252",085826041967,
Praktek Mandiri dr. Yuniati (Baru),Dokter Umum,,"Jl. Karang Widoro, Rw. 2, Botorejo, Kec. Wonosalam, Kabupaten Demak, Jawa Tengah 59571",081325531845,
Praktek Mandiri Gigi Promotif Preventif Hygenist and Care,Dokter Gigi,,"W96Q+V7F Praktek Mandiri Gigi Promotif Preventif Hygenist and Care, Jalan Koesdiyono Tjondro Wibowo, Mangunsari, Pakintelan, Gunung Pati, Semarang City, Central Java 50227","",
Praktek mandiri keperawatan gigi dan mulut Evi,Klinik Gigi,,"93J6+PV6 Praktek mandiri keperawatan gigi dan mulut Evi, Jl. Karangpandan-Matesih, Doplang, Kec. Karangpandan, Kabupaten Karanganyar, Jawa Tengah 57791",087736163466,
Praktek Mandiri Keperawatan Gigi dan Mulut WARSITI AMKg,Klinik Gigi,,"Bendo Baru, RT.02/RW.12, Sabrah, Buntalan, Kec. Klaten Tengah, Kabupaten Klaten, Jawa Tengah 57419",081224264645,
Praktek mandiri keperawatan gigi ibu ida,Klinik Gigi,,"Sarimahi, Kec. Ciparay, Kabupaten Bandung, Jawa Barat 40381",081321347600,
Praktek Mandiri Kesehatan Gigi Evi,Ahli Perawatan Gigi,,"Sidomulyo, RT.002/RW.001, Doplang, Kec. Karangpandan, Kabupaten Karanganyar, Jawa Tengah 57791",087736163466,
Praktek Mandiri Perawat (Budi Yanto A.Md.S.Kep),Klinik Kesehatan,,"Jl. Robatal - Palengaan, Duwa Ondung, Karang Penang Oloh, Kec. Karangpenang, Kabupaten Sampang, Jawa Timur 69254",081917006216,
Praktek mandiri rizal hanif juniawan,Dokter,,"6P46+GMV Praktek mandiri rizal hanif juniawan, Krangkungan, Burikan, Kec. Cawas, Kabupaten Klaten, Jawa Tengah 57463","",
"Praktek Mandiri Terapis Gigi dan Mulut Dewi Setyaningsih, A.Md.KG",Klinik Gigi,,"Jl. Raya Karangdowo Posis, Minggiran, Karangdowo, Kec. Karangdowo, Kabupaten Klaten, Jawa Tengah 57464",085641581557,
Praktek Mandiri Terapis Gigi dan Mulut Resti Lestari AmKg,Klinik Gigi,,"Jl. Cinambo Indah No.17, Pakemitan, Kec. Cinambo, Kota Bandung, Jawa Barat 45474",08997939015,
"Praktek Perawat Mandiri Joko Suwarno, AMK, C.SMC",Klinik Kesehatan,,"Praktek Bidan Cahyani Widyastuti, A.Md, Keb, Jl. Raya Solo - Yogyakarta Jl. Banjarsari, Banjarsari, Kebondalem Kidul, Kec. Prambanan, Kabupaten Klaten, Jawa Tengah 57454",082324332211,
praktek saraf dan jiwa Prof Soejono /Dr Sonny SpS/Dr Carla SpKJ,Dokter,,"Gunungketur, Pakualaman, Kota Yogyakarta, Daerah Istimewa Yogyakarta 55166",0274544999,
"Praktek Umum dr. Khalid & dr Nanda Citra Ayu,",Dokter Umum,,"Jl. Kyai Tambak Deres No.134, Bulak, Kec. Bulak, Surabaya, Jawa Timur 60124",082339739307,
PRAKTEK UMUM Dr. LILY,Dokter Umum,,"Dukuh Kupang Timur XX No.769, Pakis, Kec. Sawahan, Surabaya, Jawa Timur 60256",085173197320,
Praktek Umum Dr. Setiawati,Dokter,,"Belakang Superindo, Jl. Duku Jl. Raya Langsep No.5, RT.012/RW.005, Bareng, Klojen, Malang City, East Java 65116",087863937580,
Prakter Mandiri dr.akhmad nurul huda,Klinik Medis,,"Jl. Sawojajar I No.12, Krobokan, Semarang Barat, Semarang City, Central Java 50141",081220979395,
Praktik Bersama Umum & Gigi dr. Abdul Rozak (Bimo Medika),Klinik Tanpa Perjanjian,,"Jl. Kenconowungu Tengah I No.37, Gisikdrono, Kec. Semarang Barat, Kota Semarang, Jawa Tengah 50149",0247601151,
Praktik Dokter Hewan Mandiri,Dokter Hewan,,"2JQV+4X2 Praktik Dokter Hewan Mandiri, Jl. Sanan, Purwantoro, Kec. Blimbing, Kota Malang, Jawa Timur 65122",083834850119,
PRAKTIK DOKTER HEWAN MANDIRI CAND VETERINARY,Dokter Hewan,,"JM4R+79H PRAKTIK DOKTER HEWAN MANDIRI CAND VETERINARY, Perum Pasegan Asri C2 No.05, Pasegan, Kloposepuluh, Kec. Sukodono, Kabupaten Sidoarjo, Jawa Timur 61258",082132929027,
Praktik Dokter Mandiri,Dokter Umum,,"Jl. Raya Tebel No.31, Tebel Tengah, Gedangan, Kec. Sidoarjo, Kabupaten Sidoarjo, Jawa Timur 61254","",
Praktik Dokter Mandiri (𝓐𝓷-𝓝𝓪𝓯𝓲),Dokter Umum,,"Jalan Raya, RT.04/RW01, Tambirejo, Plosoharjo, Kec. Toroh, Kabupaten Grobogan, Jawa Tengah 58171",087714634068,
Praktik Dokter Mandiri Bellza,Klinik Kesehatan,,"Cerme dusun IX No.RT 34, Dusun X, Cerme, Kec. Panjatan, Kabupaten Kulon Progo, Daerah Istimewa Yogyakarta 55655",08816782421,
Praktik Dokter Mandiri Dokter Diana,Dokter Umum,,"Northwest Boulevard NV. 01 No. 17, Babat Jerawat, Kec. Pakal, Surabaya, Jawa Timur 60197",085146051222,
PRAKTIK DOKTER MANDIRI dr. Agus Suharto Sp. PA,,,"48HP+7PM PRAKTIK DOKTER MANDIRI dr. Agus Suharto Sp. PA, Jl. Bantul, Sawahan, Pendowoharjo, Kec. Sewon, Kabupaten Bantul, Daerah Istimewa Yogyakarta 55186","",
Praktik Dokter Mandiri dr. Azizah Mutiara Rosdiani,Dokter,,"Jl. Raya Gangsiran Wetan No.299, Tlekung, Kec. Junrejo, Kota Batu, Jawa Timur 65327",085755886918,
Praktik Dokter Mandiri dr. Danys A.F.,Layanan Kesehatan di Rumah,,"Jl. Brawijaya No.190, Krajan, Tegalweru, Kec. Dau, Kabupaten Malang, Jawa Timur 65151",085234133366,
"PRAKTIK DOKTER MANDIRI ""dr. Gathot Adi Yanuar, Sp.OG""",Dokter Kandungan,,"Jl. Kolonel Sutarto No.58, Jebres, Kec. Jebres, Kota Surakarta, Jawa Tengah 57126",082325807770,
Praktik Dokter Mandiri dr M Hafizh Islam S,Dokter Umum,,"Jl. Pakem - Kalasan, Karang Pakis, Wukirsari, Cangkringan, Sleman Regency, Special Region of Yogyakarta 55583",081327950066,
Praktik Dokter Mandiri dr Nyimas Izzati Auliyah,Layanan Kesehatan di Rumah,,"Jl. Sunan Ampel, RT.4/RW.2, Putuk Utara, Putukrejo, Kec. Gondanglegi, Kabupaten Malang, Jawa Timur 65174",081330111001,
"Praktik Dokter Mandiri, dr. R. Alif Kuncorojati",Dokter,,"9C69+V54 Praktik Dokter Mandiri, dr. R. Alif Kuncorojati, Jl. Boyong, Kaliurang, Hargobinangun, Kec. Pakem, Kabupaten Sleman, Daerah Istimewa Yogyakarta 55582","",
Praktik Dokter Mandiri dr. Vemy Melinda,Klinik Kesehatan,,"Perum Permata Puri Jl. Bukit Dingin VI No.1 Blok C-10, RT./RW/RW.007/008, Bringin, Kec. Ngaliyan, Kota Semarang, Jawa Tengah 50189",082130322016,
Praktik Dokter Mandiri KSU Mulyoagung,Klinik Kesehatan,,"Jl. Sunandar Priyo Sudarmo No.12, Purwantoro, Kec. Blimbing, Purwantoro, Kota, Kota Malang, Jawa Timur 65126",085604832090,
Praktik Dokter Mandiri Sumber Trisno,Klinik Tanpa Perjanjian,,"Jl. Esberg VE 5 No.11, Doro, Karangwidoro, Kec. Dau, Kota Malang, Jawa Timur 65151",0341575722,
Praktik Dokter Umum dr. Alifah Rahmi,Dokter Umum,,"Jl. Raya Menur No.28 E, Airlangga, Gubeng, Surabaya, East Java 60286",085179770349,
Praktik Dokter Umum dr. Dike,Dokter Umum,,"Apotek Siguragura lt. 1, Jl. Sigura-Gura Barat, Karangbesuki, Kec. Sukun, Karangbesuki, Kec. Sukun, Kota Malang, Jawa Timur 65149",089513252289,
"Praktik Dokter Umum Rachmat Agung Widodo (TPMD) & Praktek Dokter Gigi Dyah Retno, Umum & BPJS",Dokter,,"Jl. Wonorejo Timur No.1, Wonorejo, Kec. Rungkut, Surabaya, Jawa Timur 60296",085163503045,
"""PRAKTIK KEPERAWATAN MANDIRI""",Klinik Kesehatan,,"Santen, RT.04/RW.04, Samen, Sambirejo, Kec. Jumantono, Kabupaten Karanganyar, Jawa Tengah 57782",081804434499,
"Praktik Keperawatan Mandiri H. Samsul Adi, A.Md.Kep H. Adi H. Yadi",Dokter Keluarga,,"VH8C+5R2 Praktik Keperawatan Mandiri H. Samsul Adi, A.Md.Kep H. Adi H. Yadi, Jl. Nasional 21, Birnui, Artodung, Kec. Galis, Kabupaten Pamekasan, Jawa Timur 69382",081939441444,
"Praktik Mandiri Akupunktur dr. Emilia Puspitasari Winarno, Sp.Ak",Klinik Akupunktur,,"Jl. Lap. Supratman No.5, Cihapit, Kec. Bandung Wetan, Kota Bandung, Jawa Barat 40114",082312913208,
Praktik mandiri akupunktur klaten utara,Klinik Medis,,"8J6G+63C Praktik mandiri akupunktur klaten utara, Cungkrungan, RT.01/RW.01, Macanan, Karanganom, Kec. Klaten Utara, Kabupaten Klaten, Jawa Tengah 57438",085702291060,
Praktik Mandiri Bidan Anisa Bandung,Dokter Kandungan,,"Ruko Sinergi Antapani, Jl. Parakan Saat No.4, RW.09, Antapani Tengah, Kec. Antapani, Kota Bandung, Jawa Barat 40291",081313406950,
Praktik Mandiri Bidan (PMB) Enny Juniati,Bidan,,"Jl. Sutorejo Tengah No.42, Dukuh Sutorejo, Kec. Mulyorejo, Surabaya, Jawa Timur 60113",0315922464,
Praktik mandiri bidan umbar sriningsih,Dokter Kandungan,,"WC4C+865 Praktik mandiri bidan umbar sriningsih, Jl. Pucung ll, Pudakpayung, Kec. Banyumanik, Kota Semarang, Jawa Tengah 50265","",
Praktik Mandiri Dokter Anton,Dokter,,"Jl. Sendang, RT.12/RW.04, Krajan Wetan, Purworejo, Kec. Donomulyo, Kabupaten Malang, Jawa Timur 65167",081334806875,
Praktik mandiri dokter Bagus Ragil saputro,Dokter,,"8X6C+F69 Praktik mandiri dokter Bagus Ragil saputro, Jl. Sido Mukti, RT.03/RW.02, Krapyak, Jati, Kec. Tarokan, Kabupaten Kediri, Jawa Timur 64152",089656895100,
Praktik Mandiri Dokter Bambang Sutejo,Dokter Umum,,"Jl. Jumantono, Sidoharjo, Ngadiluwih, Kec. Matesih, Kabupaten Karanganyar, Jawa Tengah 57781",082386268650,
Praktik Mandiri Dokter Cempaka,Dokter,,"Jl. Waringin, RT.03/RW.08, Pucangsawit, Kec. Jebres, Kota Surakarta, Jawa Tengah 57125",0895326767866,
"Praktik Mandiri ""Dokter Dailla Rahma Leputri""",Dokter,,"Q9PF+WMJ Praktik Mandiri ""Dokter Dailla Rahma Leputri"", Jl. Raya Mantup, Puter, Kec. Kembangbahu, Kabupaten Lamongan, Jawa Timur 62282","",
PRAKTIK MANDIRI DOKTER (dr Sumartono,Dokter,,"Jl. Sawah Pulo Tim. Lap I No.7, RT.003/RW.11, Ujung, Kec. Semampir, Surabaya, Jawa Timur 60155","",
Praktik Mandiri Dokter Florence Pribadi,Klinik Kesehatan,,"PJ7J+QH6 Praktik Mandiri Dokter Florence Pribadi, Made, Kec. Sambikerep, Surabaya, Jawa Timur 60219","",
Praktik Mandiri Dokter Gigi,Dokter Gigi,,"Ruko, Jl. Dinar Elok Raya No.1 Blok J1, Meteseh, Tembalang, Semarang City, Central Java 50271","",
Praktik Mandiri Dokter Gigi drg. Ince Escha Faatur Sakti Hidayat Haryono,Klinik Gigi,,"MQ8V+HCX Praktik Mandiri Dokter Gigi drg. Ince Escha Faatur Sakti Hidayat Haryono, Jl. Sentrapoint, Gunung Anyar, Surabaya, East Java 60294","",
Praktik Mandiri Dokter Gigi drg. Nur Azizah Hadi,Dokter Gigi,,"Jl. Dukuh Kupang Timur XII No.52, Pakis, Sawahan, Surabaya, East Java 60256",085190035196,
Praktik Mandiri Dokter Gigi Ethi Miliasari,Klinik Gigi,,"Dreamingland ruko, Blk. A1 No.5, Babat Jerawat, Kec. Pakal, Surabaya, Jawa Timur 60198","",
Praktik Mandiri Dokter Hewan Drh Selfi,Dokter Hewan,,"Taji Kulon, RT.01/RW.03, Karang Wetan, Karang, Kec. Karangpandan, Kabupaten Karanganyar, Jawa Tengah 57791",082298057700,
Praktik Mandiri Dokter Himmatul Fuad,Konsultan Kesehatan,,"Jl. Raya Jetak, Area Perkebunan, Banget, Kaliwungu, Kudus Regency, Central Java 59332","",
PRAKTIK MANDIRI DOKTER HUDA & KHITAN MODERN,Dokter Umum,,"4RG3+8R3 PRAKTIK MANDIRI DOKTER HUDA & KHITAN MODERN, Ruko kosayu 7, Jl. Raya Tutur, Krajan Dua, Tutur, Kec. Tutur, Pasuruan, Jawa Timur 67165",083178437748,
Praktik Mandiri Dokter Mochamad Anugera Rochmana,Dokter,,"Jl. Tenggumung Wetan No.100, Wonokusumo, Kec. Kenjeran, Surabaya, Jawa Timur 60154","",
praktik mandiri dokter ni made sri w,Klinik Kesehatan,,,081916750609,
Praktik Mandiri Dokter Ni Made Sri Widiawaty,Dokter Keluarga,,"Jl. Raya Grati No.7, RT.002/RW.001, Rw. 001, Desa Tunon, Kec. Grati, Pasuruan, Jawa Timur 67184","",
Praktik Mandiri Dokter Patmi,Konsultan Kesehatan,,"Jl. Nusa Indah, RT.001/RW.001, Tawangsari, Kedungombo, Tanjunganom, Nganjuk Regency, East Java 64472",081571552607,
"Praktik mandiri Dokter, Perawat dan Baby Spa ""Aryan Healthy Care""",Klinik Kesehatan,,"Kembangsari, Griya Taman Sari No.Rt07 Blok KL-01, Srimartani, Kec. Piyungan, Kabupaten Bantul, Daerah Istimewa Yogyakarta 55792",085725881477,
Praktik Mandiri Dokter Soeharjoko,Dokter,,"V6Q2+GXX Praktik Mandiri Dokter Soeharjoko, Sekardangan, Papungan, Kec. Kanigoro, Kabupaten Blitar, Jawa Timur",085645186951,
Praktik Mandiri Dokter Syaiful Huda,Klinik Kesehatan,,"9558+XGF Praktik Mandiri Dokter Syaiful Huda, Jl. Raya Pakis, Julek, Pakis, Kec. Kunjang, Kabupaten Kediri, Jawa Timur 64156","",
"Praktik mandiri dokter umum dr. CHOIRUL ANAM, M.Kes.",Dokter,,,087759031213,
Praktik Mandiri Dokter Umum dr. Dety Nur Rachmawati,Dokter,,"Kp. Cintarama, Jl. H. Hasan Arif No.45, RT.01/RW.01, Sukasenang, Kec. Banyuresmi, Kabupaten Garut, Jawa Barat 44191","",
Praktik Mandiri Dokter Umum Ica Purnamasari,Dokter,,"CP2X+9MH Praktik Mandiri Dokter Umum Ica Purnamasari, RT.02/RW.10, Pilangsari, Beji, Kec. Beji, Pasuruan, Jawa Timur 67154",082141400377,
Praktik Mandiri dr. Ananta,Dokter,,"Jalan Josroyo Timur No.26-28, Dusun V, Jaten, Kec. Jaten, Kabupaten Karanganyar, Jawa Tengah 57771",0895412585070,
"PRAKTIK MANDIRI Dr. Annisa Avicenna Ayudiyusraa, Sp.KJ",Dokter,,"BLOK 18 NO. 121, Jl. Sarimanah 2, Sarijadi, Kec. Sukasari, Kota Bandung, Jawa Barat 40152",085124350435,
Praktik Mandiri dr. Benediktus Brilian Chrisma N,Dokter,,"Jl. Raya Medokan Sawah No.40, Medokan Ayu, Rungkut, Surabaya, East Java 60295","",
Praktik Mandiri dr. Gita Mahardyastuti,Klinik Medis,,"Apotek Mutiara Hati, Jl. Adi Flora Raya Ruko No.15, Rancabolang, Gedebage, Bandung City, West Java 40292",082114352402,
PRAKTIK MANDIRI DRG MENTARI NURUL ILMA,Dokter Gigi,,"Kp Jl. Kp. Manjah Beureum No.199, Cileunyi Kulon, Kec. Cileunyi, Kabupaten Bandung, Jawa Barat 40622",08131645631,
Praktik Mandiri drg. Naomi Finivia Chandra,Dokter Gigi,,"Jl. Kutisari Sel. XIII No.14, Kutisari, Kec. Tenggilis Mejoyo, Surabaya, Jawa Timur 60291",081770702663,
Praktik Mandiri drg. Prisca Anindia,Dokter Gigi,,"Jl. Pudaksari II, Pudakpayung, Kec. Banyumanik, Kota Semarang, Jawa Tengah 50265",081329003243,
Praktik Mandiri drg Suzana Salam,Dokter Gigi,,"Jl. Sawunggaling No.3, Tamansari, Kec. Bandung Wetan, Kota Bandung, Jawa Barat 40116","",
Praktik mandiri dr. Hartono Ashari,Dokter,,"Jl. Puncak No.99, RT.03/RW.01, Sidorejo, Asmorobangun, Kec. Puncu, Kabupaten Kediri, Jawa Timur 64292",081331389137,
Praktik Mandiri dr. Hendy Ekananda Saputra,Dokter,,"XRMX+X43 Praktik Mandiri dr. Hendy Ekananda Saputra, Raya Taruman-Kudus, Taruman, Kec. Klambu, Kabupaten Grobogan, Jawa Tengah 58154",08885685550,
"Praktik Mandiri dr. Latief Jaya Subrata, AIFO-K",Dokter,,"XMX9+M56 Praktik Mandiri dr. Latief Jaya Subrata, AIFO-K, Jl. Mahbang Kangkung-B, Kolang Bangi Wetan, Ngeposari, Semanu, Gunungkidul Regency, Special Region of Yogyakarta 55893",085113267672,
Praktik Mandiri dr. Lilian Rahma Ananda,Dokter,,"Perumahan Dewe Residence Blok B4-01, Pilangsari, Beji, Kec. Beji, Pasuruan, Jawa Timur 67154",085173203118,
Praktik Mandiri dr. Muhammad Danar Januari,Klinik Kesehatan,,"9GG2+37Q Praktik Mandiri dr. Muhammad Danar Januari, Ngrancah Lor, Bumiharjo, Kec. Kemalang, Kabupaten Klaten, Jawa Tengah 57484",088215547974,
"Praktik Mandiri dr Nur Mala Il A'la, SpDVE",Klinik Kesehatan,,"Jl. Pandanwangi, Cinunuk, Kec. Cileunyi, Kabupaten Bandung, Jawa Barat 40624","",
Praktik Mandiri dr. Okky Dhevi,Dokter,,"Jl. Teluketna No.63, Arjosari, Blimbing, Malang City, East Java 65126",08135372884,
Praktik Mandiri dr. Riski Ima Rahmawati,Dokter Umum,,"G224+9X4 Mlokolegi RT 003, Mlokolegi, Celep, Kec. Kedawung, Kabupaten Sragen, Jawa Tengah 57292",085601157885,
Praktik Mandiri dr. Sulistyorini,Dokter Umum,,"Jl. Nusantara No.4, Dusun Suko, Sumberpucung, Kec. Sumberpucung, Kabupaten Malang, Jawa Timur 65165",085257575834,
"Praktik Mandiri Ftr. Dedi Kurniadi Siregar, S. Ftr",Terapis Fisik,,"Jl. Ngagel No.123, Ngagel, Wonokromo, Surabaya, East Java 60246","",
Praktik Mandiri Lilik Yuli AMd. Kep,Dokter,,"3J2V+FQ5 Praktik Mandiri Lilik Yuli AMd. Kep, Unnamed Road, Purwantoro, Kec. Blimbing, Kota Malang, Jawa Timur 65126",085100823076,
PRAKTIK MANDIRI MUNJAROTUN,Klinik Medis,,"5M4R+82G PRAKTIK MANDIRI MUNJAROTUN, Lengkongan, Mulyorejo, Kec. Demak, Kabupaten Demak, Jawa Tengah 59517","",
PRAKTIK MANDIRI TERAPIS GIGI DAN MULUT NURHADI,Klinik Gigi,,"Jl. Terusan Panyileukan Gg. Darussalam Blok P Kav, RT./RW/RW.05/09, Cipadung Kidul, Kec. Panyileukan, Kota Bandung, Jawa Barat 40614",08112244376,
PRAKTIK MANDIRI TERAPIS GIGI DAN MULUT SUSI PURWATI AMKG KOTA BANDUNG,Klinik Gigi,,"Komp.Griya Asri, Jl. Ulil Albab No.2, Cisaranten Endah, Kec. Arcamanik, Kota Bandung, Jawa Barat 40293",082128378250,
Premiera Skincare : Klinik Kecantikan Semarang,Klinik Perawatan Kulit,,"Jl. Mayjend Sutoyo No.39, Pekunden, Semarang Tengah, Semarang City, Central Java 50134",081901251325,
PRIMA CLINIC KLATEN (AESTHETIC CLINIC & SPA),Klinik Perawatan Kulit,,"Jl. Dr. Soeradji Tirtonegoro, Dusun 1, Jetis, Kec. Klaten Sel., Kabupaten Klaten, Jawa Tengah 57421",08991129900,
Prodia Klaten,Klinik Medis,,"Jl. Pramuka No.44, Kelasman, Tonggalan, Kec. Klaten Tengah, Kabupaten Klaten, Jawa Tengah 57412",0272324082,
PT. Adiwisesa Mandiri Semarang (AM Semarang),Kantor Perusahaan,,"Jalan Dokter Cipto No.202-204, Karangturi, Kec. Semarang Tim., Kota Semarang, Jawa Tengah 50124",0248312572,
PT. Mandiri Utama Finance Surabaya 1,Kantor Perusahaan,,"Jl. Dr. Ir. H. Soekarno No.464, RW.MERR, Kedung Baruk, Kec. Rungkut, Surabaya, Jawa Timur 60298","",
PUSAT USG 4D Bandung (Klinik Utama Rumah Bunda A.A),Klinik Medis,,"Jl. Gegerkalong Hilir No.62B, Gegerkalong, Sukasari, Bandung City, West Java 40153",082295969737,
Puskemas Gajah Mada,Pusat Kesehatan Masyarakat,,"Jl. Agro No.38C, Kocoran, Caturtunggal, Kec. Depok, Kabupaten Sleman, Daerah Istimewa Yogyakarta 55281","",
PUSKESMAS AHMAD YANI,Pusat Kesehatan Masyarakat,,"Jl. Sukabumi No.67, Kacapiring, Kec. Batununggal, Kota Bandung, Jawa Barat 40271",082128670269,
Puskesmas Arcamanik,Pusat Kesehatan Masyarakat,,"Jl. Olahraga No.7, Sukamiskin, Kec. Arcamanik, Kota Bandung, Jawa Barat 40293","",
Puskesmas Arjuno,Pusat Kesehatan Masyarakat,,"Jl. Simpang Arjuno No.17, Kauman, Kec. Klojen, Kota Malang, Jawa Timur 65119",0341356339,
Puskesmas Asemrowo,Pusat Kesehatan Masyarakat,,"Jl. Asem Raya No.8, Asem Rowo, Kec. Asem Rowo, Surabaya, Jawa Timur 60182",0315456122,
Puskesmas Babakan Sari,Pusat Kesehatan Masyarakat,,"Jl. Babakan Sari No.183, RT.01/RW.13, Babakan Sari, Kec. Kiaracondong, Kota Bandung, Jawa Barat 40283",0227270793,
Puskesmas Babakan Surabaya,Pusat Kesehatan Masyarakat,,"Jl. Atlas VII No.25, Babakan Surabaya, Kec. Kiaracondong, Kota Bandung, Jawa Barat 40281",0227210377,
Puskesmas Balai Kota Bandung,Pusat Kesehatan Masyarakat,,"Babakan Ciamis, Kec. Sumur Bandung, Kota Bandung, Jawa Barat 40117","",
Puskesmas Balas Klumprik,Pusat Kesehatan Masyarakat,,"Jl. Balas Klumprik, Balas Klumprik, Kec. Wiyung, Surabaya, Jawa Timur 60222",0317665219,
PUSKESMAS BAMBANGLIPURO,Pusat Kesehatan Masyarakat,,"Jl. Samas, Kanutan, Sumbermulyo, Kec. Bambanglipuro, Kabupaten Bantul, Daerah Istimewa Yogyakarta 55761",088216729196,
Puskesmas bandung,Rumah Sakit,,"RQMM+RQH Puskesmas bandung, Jl. Raya Durenan - Bandung, Genengan, Bandung, Kec. Bandung, Kabupaten Tulungagung, Jawa Timur 66274","",
Puskesmas Bangetayu,Pusat Kesehatan Masyarakat,,"2F8G+RPX Puskesmas Bangetayu, Jl. Banget Ayu Raya, Bangetayu Wetan, Kec. Genuk, Kota Semarang, Jawa Tengah 50115",081241415533,
Puskesmas Banguntapan I,Pusat Kesehatan Masyarakat,,"5CC7+7GH Puskesmas Banguntapan I, depan puskesmas Banguntapan I Jl. Ngipik, Wiyoro, Baturetno, Kec. Banguntapan, Kabupaten Bantul, Daerah Istimewa Yogyakarta 55197",0274383104,
Puskesmas Bantayan,Dokter,,"Jl. Banyu Urip No.4, Bantayan Hilir, Sawahan, Surabaya, East Java 60253","",
Puskesmas bantul,Kantor Pemerintah,,"48HG+7VM Puskesmas bantul, Jl. Kyai Ageng Teram, Gandekan, Bantul, Kec. Bantul, Kabupaten Bantul, Daerah Istimewa Yogyakarta 55711","",
Puskesmas Bantul 1,Pusat Kesehatan Masyarakat,,"Jl. Kh Wahid Hasyim No.208, Taskombang, Palbapang, Kec. Bantul, Kabupaten Bantul, Daerah Istimewa Yogyakarta 55713",02746462223,
Puskesmas Bantul 2,Jasa Medis Lokal,,"48HH+MPG Puskesmas Bantul 2, Jl. Kyai Ageng Teram, Gandekan, Bantul, Kec. Bantul, Kabupaten Bantul, Daerah Istimewa Yogyakarta 55711",089630373623,
Puskesmas Banyu Urip,Pusat Kesehatan Masyarakat,,"Jl. Banyu Urip Kidul VI No.8, Banyu Urip, Kec. Sawahan, Surabaya, Jawa Timur 60254",0315615292,
Puskesmas Bareng Kota Malang,Pusat Kesehatan Masyarakat,,"Jl. Bareng Tenes 4A No.639, Bareng, Kec. Klojen, Kota Malang, Jawa Timur 65116",0341322280,
Puskesmas Batu Tangga,Pusat Kesehatan Masyarakat,,"Jl. Banyu Urip No.1, Kupang Krajan, Kec. Sawahan, Surabaya, Jawa Timur 60253","",
Puskesmas Bayat,Pusat Kesehatan Masyarakat,,"Kebu, Beluk, Kec. Bayat, Kabupaten Klaten, Jawa Tengah 57462",02728990142,
Puskesmas Berbah,Pusat Kesehatan Masyarakat,,"Jl. Sekarsuli - Berbah, Sribit, Sendangtirto, Kec. Berbah, Kabupaten Sleman, Daerah Istimewa Yogyakarta 55573",02742841790,
Puskesmas BOJONGSOANG,Pusat Kesehatan Masyarakat,,"2JJP+VWX Puskesmas BOJONGSOANG, Jl. Raya Bojongsoang No.232, Cipagalo, Kec. Bojongsoang, Kabupaten Bandung, Jawa Barat 40287","",
Puskesmas Bugangan,Pusat Kesehatan Masyarakat,,"Jl. Musi Raya No.22, Bugangan, Kec. Semarang Tim., Kota Semarang, Jawa Tengah 50126",0243546061,
Puskesmas Bulak Banteng Kota Surabaya,Pusat Kesehatan Masyarakat,,"Jalan Dukuh Lebar, Gg. Perintis Utama, Bulak Banteng, Kec. Kenjeran, Surabaya, Jawa Timur 60127",0313765209,
Puskesmas Bulu Lor,Pusat Kesehatan Masyarakat,,"Jl. Banowati Sel. II No.14, Bulu Lor, Kec. Semarang Utara, Kota Semarang, Jawa Tengah 50179",0243548550,
Puskesmas Bulusan,Pusat Kesehatan Masyarakat,,"Jl. Timoho Raya, Bulusan, Tembalang, Semarang City, Central Java 50277",02435303034,
Puskesmas Candilama,Pusat Kesehatan Masyarakat,,"Jl. Dr. Wahidin No.22, Jomblang, Kec. Candisari, Kota Semarang, Jawa Tengah 50257",0248310515,
Puskesmas Cawas 1,Pusat Kesehatan Masyarakat,,"Jl. Tembus Barepan No.5, Gebang, Barepan, Kec. Cawas, Kabupaten Klaten, Jawa Tengah 57463",0882006122580,
Puskesmas Ceper,Pusat Kesehatan Masyarakat,,"Jl. Ceper - Besole, Sendono, Ceper, Kec. Ceper, Kabupaten Klaten, Jawa Tengah 57465",089531432345,
Puskesmas Cijagra Baru,Pusat Kesehatan Masyarakat,,"Jl. Cijagra No.28, Cijagra, Kec. Lengkong, Kota Bandung, Jawa Barat 40265",081313257638,
Puskesmas Cijagra Lama,Pusat Kesehatan Masyarakat,,"Jl. Buah Batu No.275, Turangga, Kec. Lengkong, Kota Bandung, Jawa Barat 40265",02287328342,
Puskesmas Cikutra Lama,Pusat Kesehatan Masyarakat,,"Jl. Cikutra Barat No.118, Sadang Serang, Kecamatan Coblong, Kota Bandung, Jawa Barat 40133",02220456782,
Puskesmas Ciptomulyo,Pusat Kesehatan Masyarakat,,"Jl. Kolonel Sugiono VIII No.54, Ciptomulyo, Kec. Sukun, Kota Malang, Jawa Timur 65148",0341329918,
Puskesmas Cisadea,Pusat Kesehatan Masyarakat,,"Jl. Indragiri IV No.43, Purwantoro, Kec. Blimbing, Kota Malang, Jawa Timur 65126",0341489540,
Puskesmas Ciumbuleuit,Pusat Kesehatan Masyarakat,,"Jl. Bukit Resik No.1, Hegarmanah, Kec. Cidadap, Kota Bandung, Jawa Barat 40141",02264401158,
Puskesmas Dago,Pusat Kesehatan Masyarakat,,"Jl. Ir. H. Juanda No.360, Dago, Kecamatan Coblong, Kota Bandung, Jawa Barat 40135",0222533539,
Puskesmas Delanggu,Pusat Kesehatan Masyarakat,,"Jalan Solo-Klaten No. 181, Jl. Klaten - Solo No.181, Soropaten, Sabrang, Kec. Delanggu, Kabupaten Klaten, Jawa Tengah 57471",0272551040,
Puskesmas Depok I,Pusat Kesehatan Masyarakat,,"Nanggulan, Maguwoharjo, Kec. Depok, Kabupaten Sleman, Daerah Istimewa Yogyakarta 55281",0274486852,
Puskesmas Dinoyo,Pusat Kesehatan Masyarakat,,"Jalan Mayjend Jl. Mt Haryono 9 No.13, Dinoyo, Kec. Lowokwaru, Kota Malang, Jawa Timur 65145",0341569913,
Puskesmas Dr. Soetomo,Dinas Kesehatan,,"Grudo 5 No.2, DR. Soetomo, Kec. Tegalsari, Surabaya, Jawa Timur 60264",03199548131,
Puskesmas Dukuh Kupang,Pusat Kesehatan Masyarakat,,"Jl. Dukuh Kupang XXV No.48, Dukuh Kupang, Kec. Dukuhpakis, Surabaya, Jawa Timur 60225",0315677615,
Puskesmas Gamping II,Pusat Kesehatan Masyarakat,,"Jl. Titibumi Barat, Patran, Banyuraden, Kec. Gamping, Kabupaten Sleman, Daerah Istimewa Yogyakarta 55293",02745013351,
Puskesmas Gantiwarno,Pusat Kesehatan Masyarakat,,"Jl. Jabung Gantiwarno, Gedongan, Gesikan, Kec. Gantiwarno, Kabupaten Klaten, Jawa Tengah 57455","",
Puskesmas Gantung,Pusat Kesehatan Masyarakat,,"Jl. Banyu Urip No.1, Kupang Krajan, Sawahan, Surabaya, East Java 60253","",
Puskesmas Genuk,Pusat Kesehatan Masyarakat,,"Jl. Genuksari No.mor 33, RT.3/RW.3, Genuksari, Kec. Genuk, Kota Semarang, Jawa Tengah 50117",0246584188,
"puskesmas glodogan, cab.klaten selatan",Pusat Kesehatan Masyarakat,,"Jl. Panembahan Romo No.33, Magersari, Glodogan, Kec. Klaten Sel., Kabupaten Klaten, Jawa Tengah 57426","",
Puskesmas Gribig,Pusat Kesehatan Masyarakat,,"Jl. Ki Ageng Gribig No.97, Madyopuro, Kec. Kedungkandang, Kota Malang, Jawa Timur 65139",0341718165,
Puskesmas Gundih,Pusat Kesehatan Masyarakat,,"Jl. Margodadi No.36, Gundih, Kec. Bubutan, Surabaya, Jawa Timur 60172",0315476275,
Puskesmas Gunungpati,Pusat Kesehatan Masyarakat,,"Jl. Mr. Wuryanto No.38, Plalangan, Kec. Gn. Pati, Kota Semarang, Jawa Tengah 50221",0246932140,
Puskesmas Halmahera,Pusat Kesehatan Masyarakat,,"Jl. Halmahera Raya No.38, Karangtempel, Kec. Semarang Tim., Kota Semarang, Jawa Tengah 50232",0248414894,
Puskesmas Imogiri I,Pusat Kesehatan Masyarakat,,"Barepan, Karangtalun, Kec. Imogiri, Kabupaten Bantul, Daerah Istimewa Yogyakarta 55782",02746460694,
Puskesmas Jagir,Pusat Kesehatan Masyarakat,,"Jl. Bendul Merisi No.1, Jagir, Kec. Wonokromo, Surabaya, Jawa Timur 60244",0318416926,
Puskesmas Janti,Pusat Kesehatan Masyarakat,,"Jl. Janti Bar. No.86, Sukun, Kec. Sukun, Kota Malang, Jawa Timur 65148",0341352203,
Puskesmas Jatinom,Pusat Kesehatan Masyarakat,,"Jl. Raya Jatinom, Dusun 2, Krajan, Kec. Jatinom, Kabupaten Klaten, Jawa Tengah 57481",0272337321,
Puskesmas Jetis I,Pusat Kesehatan Masyarakat,,"Jl. Imogiri Barat No.KM. 12, RW.5, Denokan, Trimulyo, Kec. Jetis, Kabupaten Bantul, Daerah Istimewa Yogyakarta 55781",02742810121,
Puskesmas Jogonalan 1,Pusat Kesehatan Masyarakat,,"Jl. Klaten - Jogja No.Km.6, RW.5, Tegalmas, Kraguman, Kec. Jogonalan, Kabupaten Klaten, Jawa Tengah 57452",0272321759,
Puskesmas Jogonalan 2,Pusat Kesehatan Masyarakat,,"Tawangsari, Dompyongan, Kec. Jogonalan, Kabupaten Klaten, Jawa Tengah 57452",08122689733,
Puskesmas Juwangi,Rumah Sakit,,"2JMM+932 Puskesmas Juwangi, Sumbersari, Kec. Klojen, Kota Malang, Jawa Timur 65112",081393448666,
Puskesmas Juwiring,Pusat Kesehatan Masyarakat,,"Jl. tanjung-juwiring, Jetak Kulon, Bolopleret, Kec. Juwiring, Kabupaten Klaten, Jawa Tengah 57472",0272552770,
Puskesmas Kagok Semarang,Rumah Sakit,,"Jl. Telomoyo No.3, Wonotingal, Kec. Candisari, Kota Semarang, Jawa Tengah 50252",0248312573,
Puskesmas Kalikotes,Pusat Kesehatan Masyarakat,,"Tambaksari, Gemblegan, Kec. Kalikotes, Kabupaten Klaten, Jawa Tengah 57451",0272327613,
PUSKESMAS KARANGANYAR,Pusat Kesehatan Masyarakat,,"Jl. Ronggowarsito, RT.03/RW.03, Bejen, Kec. Karanganyar, Kabupaten Karanganyar, Jawa Tengah 57716",0271494820,
Puskesmas Karangayu,Pusat Kesehatan Masyarakat,,"Jl. Kenconowungu Selatan III No.28, Karangayu, Kec. Semarang Barat, Kota Semarang, Jawa Tengah 50149",0247606065,
"Puskesmas Karangdoro (Pelayanan UGD, Rawat Inap dan Rawat Bersalin 24 Jam)",Pusat Kesehatan Masyarakat,,"Jl. Raden Patah No.178, Rejomulyo, Kec. Semarang Tim., Kota Semarang, Jawa Tengah 50227",0243540035,
Puskesmas Karangdowo,Pusat Kesehatan Masyarakat,,"Bitaran, Jl. Raya Karangdowo-Juwiring, Ngolodono, Kec. Karangdowo, Kabupaten Klaten, Jawa Tengah 57464",082133237810,
Puskesmas Karangnongko,Pusat Kesehatan Masyarakat,,"8HG3+R72 Puskesmas Karangnongko, Dusun I, Karangnongko, Klaten Regency, Central Java 57483",085747232105,
Puskesmas Karang Setra,Pusat Kesehatan Masyarakat,,"Jl. Sindang Sirna No.40, Gegerkalong, Kec. Sukasari, Kota Bandung, Jawa Barat 40153","",
Puskesmas Kasihan II,Pusat Kesehatan Masyarakat,,"58CW+92J Puskesmas Kasihan II, Jl. Padokan, Rogocolo, Tirtonirmolo, Kec. Kasihan, Kabupaten Bantul, Daerah Istimewa Yogyakarta 55184",0274419294,
Puskesmas Kayumas,Pusat Kesehatan Masyarakat,,"Jadus 1, Kayumas, Jatinom, Klaten Regency, Central Java 57481",081385679088,
Puskesmas Kebondalem Lor,Pusat Kesehatan Masyarakat,,"Jl. Manisrenggo, Kebondalem, Kb. Dalem Lor, Kec. Prambanan, Kabupaten Klaten, Jawa Tengah 57454",082127799108,
Puskesmas Kecamatan Kebayoran Baru,Pusat Kesehatan Masyarakat,,"Jl. Iskandarsyah Raya No.105 5, RT.5/RW.5, Melawai, Kec. Kby. Baru, Kota Jakarta Selatan, Daerah Khusus Ibukota Jakarta 12160",0217264856,
Puskesmas Kedungkandang Gedung A,Pusat Kesehatan Masyarakat,,"Jl. Ki Ageng Gribig No.142, Kedungkandang, Kec. Kedungkandang, Kota Malang, Jawa Timur 65138",0341710112,
Puskesmas Kedungkandang Gedung B,Pusat Kesehatan Masyarakat,,"Jl. Ki Ageng Gribig No.242, Kedungkandang, Kec. Kedungkandang, Kota Malang, Jawa Timur 65137","",
Puskesmas Kedungmundu,Pusat Kesehatan Masyarakat,,"Jl. Sambiroto Raya, RT.01/RW.01, Sambiroto, Kec. Tembalang, Kota Semarang, Jawa Tengah 50276",0246717053,
Puskesmas Kemalang,Rumah Sakit,,"Jl. Deles Indah, Dusun Kadipolo, Keputran, Kec. Kemalang, Kabupaten Klaten, Jawa Tengah 57411","",
Puskesmas Kendalkerep,Pusat Kesehatan Masyarakat,,"Jl. Sulfat No.100, Bunulrejo, Kec. Blimbing, Kota Malang, Jawa Timur 65126",0341484477,
Puskesmas Kendalsari,Pusat Kesehatan Masyarakat,,"Jl. Cengger Ayam I No.8, Tulusrejo, Kec. Lowokwaru, Kota Malang, Jawa Timur 65141",0341478215,
Puskesmas Ketabang,Pusat Kesehatan Masyarakat,,"Jl. Jaksa Agung Suprapto No.10, Ketabang, Kec. Genteng, Surabaya, Jawa Timur 60272",083144250099,
Puskesmas Klampis Ngasem,Pusat Kesehatan Masyarakat,,"Arief Rahman Hakim No.99 B, Klampis Ngasem, Kec. Sukolilo, Surabaya, Jawa Timur 60117",0315992389,
Puskesmas Klaten Selatan,Pusat Kesehatan Masyarakat,,"Danguran, Kec. Klaten Sel., Kabupaten Klaten, Jawa Tengah 57425",02723353123,
Puskesmas Klaten Tengah,Pusat Kesehatan Masyarakat,,"Jl. Bali No.6, Pandanrejo, Kabupaten, Kec. Klaten Tengah, Kabupaten Klaten, Jawa Tengah 57413",085601437476,
Puskesmas Klaten Utara,Pusat Kesehatan Masyarakat,,"Jl. Perintis Kemerdekaan No.3, Morangan, Karanganom, Kec. Klaten Utara, Kabupaten Klaten, Jawa Tengah 57438",081918135181,
Puskesmas Kopo,Pusat Kesehatan Masyarakat,,"Jl. Raya Kopo No.367, Kb. Lega, Kec. Bojongloa Kidul, Kota Bandung, Jawa Barat 40233","",
Puskesmas Kotagede I,Pusat Kesehatan Masyarakat,,"Jl. Kemasan No.12, Prenggan, Kec. Kotagede, Kota Yogyakarta, Daerah Istimewa Yogyakarta 55173",02744437757,
puskesmas krajan,Klinik Kesehatan,,"7JPP+7XW puskesmas krajan, Dusun I, Krajan, Kec. Kalikotes, Kabupaten Klaten, Jawa Tengah 57451",085786744894,
PUSKESMAS KRATON YOGYAKARTA,Kantor Pemerintah,,"Jl. Langenastran Kidul No.:3, Panembahan, Kecamatan Kraton, Kota Yogyakarta, Daerah Istimewa Yogyakarta 55131","",
Puskesmas Krembangan Selatan,Pusat Kesehatan Masyarakat,,"Jl. Pesapen Selatan No.70, Krembangan Sel., Kec. Krembangan, Surabaya, Jawa Timur 60175",0313552506,
Puskesmas Kretek Kabupaten Bantul,Pusat Kesehatan Masyarakat,,"Jl. Parangtritis No.Km.21, Sruwuh, Donotirto, Kec. Kretek, Kabupaten Bantul, Daerah Istimewa Yogyakarta 55772",0274368537,
Puskesmas Krobokan Lama,Pusat Kesehatan Masyarakat,,"Jl. Aribuana No.1, Krobokan, Kec. Semarang Barat, Kota Semarang, Jawa Tengah 50149",08112666639,
Puskesmas KUJANGSARI,Pusat Kesehatan Masyarakat,,"Jl. Terusan Buah Batu No.314, Kujangsari, Kec. Bandung Kidul, Kota Bandung, Jawa Barat 40287",0227530456,
Puskesmas Lebdosari,Pusat Kesehatan Masyarakat,,"Jl. Tm.Lebdosari, Kalibanteng Kulon, Semarang Barat, Semarang City, Central Java 50145",0247610207,
Puskesmas Lontar Surabaya,Dinas Kesehatan,,"Jl. Raya Lontar No.26, Lontar, Kec. Sambikerep, Surabaya, Jawa Timur 60216",0317522874,
Puskesmas Malalak,Pusat Kesehatan Masyarakat,,"Jl. Banyu Urip No.2, Kupang Krajan, Kec. Sawahan, Surabaya, Jawa Timur 60253","",
Puskesmas Mangkang,Pusat Kesehatan Masyarakat,,"Jl. Jend. Urip Sumoharjo No.km16, Mangkang Kulon, Tugu, Semarang City, Central Java 50155",082330088800,
Puskesmas Manisrenggo,Pusat Kesehatan Masyarakat,,"8F4Q+84C Puskesmas Manisrenggo, Jalan Raya, Kebonalas, Kec. Manisrenggo, Kabupaten Klaten, Jawa Tengah 57485",02723122152,
Puskesmas Manukan Kulon,Pusat Kesehatan Masyarakat,,"Jl. Manukan Dalam No.12, Manukan Kulon, Kec. Tandes, Surabaya, Jawa Timur 60185",0317405982,
Puskesmas Manyaran,Pusat Kesehatan Masyarakat,,"Jl. Abdulrahman Saleh No.267, Kembangarum, Kec. Semarang Barat, Kota Semarang, Jawa Tengah 50183",081329300079,
Puskesmas Menur,Pusat Kesehatan Masyarakat,,"Jl. Manyar Rejo I No.35, Menur Pumpungan, Kec. Sukolilo, Surabaya, Jawa Timur 60118",0315948677,
PUSKESMAS MIJEN,Pusat Kesehatan Masyarakat,,"JL. RM. HADISOEBENO. NO 5, Tambangan, Kec. Mijen, Kota Semarang, Jawa Tengah 50215",081390942001,
Puskesmas Minggir,Pusat Kesehatan Masyarakat,,"Jl. Minggir III, Baran, Sendangagung, Kec. Minggir, Kabupaten Sleman, Daerah Istimewa Yogyakarta 55562",08112645117,
Puskesmas Miroto,Pusat Kesehatan Masyarakat,,"Jl. Taman Seteran Sel. Barat No.3, Miroto, Semarang Tengah, Semarang City, Central Java 50134",0243552542,
Puskesmas Moch. Ramdan,Pusat Kesehatan Masyarakat,,"Jl. Moch. Ramdan No.108, Ciateul, Kec. Regol, Kota Bandung, Jawa Barat 40252",085121100108,
Puskesmas Mojo Surabaya,Pusat Kesehatan Masyarakat,,"Mojo Klanggru Wetan II No.11, Mojo, Kec. Gubeng, Surabaya, Jawa Timur 60285","",
Puskesmas Mulyorejo Kota Malang,Pusat Kesehatan Masyarakat,,"Jl. Budi Utomo No.11A, Mulyorejo, Kec. Sukun, Kota Malang, Jawa Timur 65147",085179848400,
Puskesmas Mulyorejo Surabaya,Pusat Kesehatan Masyarakat,,"Jl. Mulyorejo Utara No.201, Mulyorejo, Surabaya, East Java 60114",0313816885,
Puskesmas Ngagel Rejo,Pusat Kesehatan Masyarakat,,"Jl. Ngagel Dadi III No.17, Ngagelrejo, Kec. Wonokromo, Surabaya, Jawa Timur 60245",0315047055,
Puskesmas Ngaliyan,Pusat Kesehatan Masyarakat,,"Jl. Wismasari Raya No.18D, Ngaliyan, Kec. Ngaliyan, Kota Semarang, Jawa Tengah 50181",0247608795,
Puskesmas Ngemplak I,Pusat Kesehatan Masyarakat,,"Jl. Koroulon, Area Sawah, Bimomartani, Kec. Ngemplak, Kabupaten Sleman, Daerah Istimewa Yogyakarta 55584","",
Puskesmas Ngemplak Simongan,Pusat Kesehatan Masyarakat,,"Jl. Srinindito IV, Ngemplak Simongan, Kec. Semarang Barat, Kota Semarang, Jawa Tengah 50148",082374607676,
Puskesmas Ngesrep,Pusat Kesehatan Masyarakat,,"Jl. Teuku Umar No.271, Ngesrep, Kec. Banyumanik, Kota Semarang, Jawa Tengah 50262",0247474113,
Puskesmas Pakualaman,Rumah Sakit,,"Jl. Purwanggan No.43, Purwokinanti, Pakualaman, Kota Yogyakarta, Daerah Istimewa Yogyakarta 55112",0274547303,
Puskesmas Pamulang,Pusat Kesehatan Masyarakat,,"Jl. Pasir Impun No.21, Karang Pamulang, Kec. Mandalajati, Kota Bandung, Jawa Barat 40195",085320053260,
Puskesmas Pandanaran,Pusat Kesehatan Masyarakat,,"Jl. Pandanaran No.79, Mugassari, Kec. Semarang Sel., Kota Semarang, Jawa Tengah 50244",0248311470,
Puskesmas Pasirlayung,Pusat Kesehatan Masyarakat,,"Jl. Padasuka Atas No.199, Padasuka, Kec. Cibeunying Kidul, Kota Bandung, Jawa Barat 40911",087702323233,
Puskesmas Pedan,Klinik Tanpa Perjanjian,,"Jl. Pemuda Jobodan, Kedungbaru, Tambakboyo, Kec. Pedan, Kabupaten Klaten, Jawa Tengah 57468",0272897606,
Puskesmas Pegandan,Pusat Kesehatan Masyarakat,,"Jl. Lamongan Bar. I, RT.06/RW.05, Sampangan, Kec. Gajahmungkur, Kota Semarang, Jawa Tengah 50236",08112821590,
Puskesmas Pembantu Bandung Rejosari,Pusat Kesehatan Masyarakat,,"Gg. Dr. Soetomo Jl. Kemantren 3 No.03, Bandungrejosari, Kec. Sukun, Kota Malang, Jawa Timur 65148","",
Puskesmas Pembantu Bantul,Pusat Kesehatan Masyarakat,,"489J+M9C Puskesmas Pembantu Bantul, Jl. Nyi Ageng Serang, Kurahan, Bantul, Kec. Bantul, Kabupaten Bantul, Daerah Istimewa Yogyakarta 55711","",
Puskesmas Pembantu Galunggung,Pusat Kesehatan Masyarakat,,"Jl. Galunggung, Gading Kasri, Kec. Klojen, Kota Malang, Jawa Timur 65115","",
PUSKESMAS Pembantu Giwangan,Pusat Kesehatan Masyarakat,,"598R+XH3 PUSKESMAS Pembantu Giwangan, Jl. Imogiri Tim., Giwangan, Kec. Umbulharjo, Kota Yogyakarta, Daerah Istimewa Yogyakarta 55163","",
Puskesmas Pembantu Joyonegaran,Pusat Kesehatan Masyarakat,,"Gg. Joyonegaran MG II No.891, Wirogunan, Kec. Mergangsan, Kota Yogyakarta, Daerah Istimewa Yogyakarta 55151",0274387402,
Puskesmas Pembantu Klaten Selatan,Pusat Kesehatan Masyarakat,,"7HCH+4W5 Puskesmas Pembantu Klaten Selatan, Kepanjen, Trunuh, Kec. Klaten Sel., Kabupaten Klaten, Jawa Tengah 57421","",
Puskesmas Pembantu Kota Lama,Pusat Kesehatan Masyarakat,,"2J5R+7CV Puskesmas Pembantu Kota Lama, Jl. Muharto 5B, Kotalama, Kec. Kedungkandang, Kota Malang, Jawa Timur 65136","",
Puskesmas Pembantu Mergan,Pusat Kesehatan Masyarakat,,"2J87+9P9 Puskesmas Pembantu Mergan, Jl. Mergan Lori, Tanjungrejo, Kec. Sukun, Kota Malang, Jawa Timur 65147","",
Puskesmas Pembantu Nitikan,Pusat Kesehatan Masyarakat,,"59FM+R93 Puskesmas Pembantu Nitikan, Jl. Sorogenen, Sorosutan, Kec. Umbulharjo, Kota Yogyakarta, Daerah Istimewa Yogyakarta 55162",0274384890,
Puskesmas Pembantu Penanggungan,Pusat Kesehatan Masyarakat,,"Jl. Cianjur No.2 A, Penanggungan, Kec. Klojen, Kota Malang, Jawa Timur 65113","",
Puskesmas Pembantu Polehan,Keselamatan dan Kesehatan Karyawan,,"Jl. Werkudoro No.2, Polehan, Kec. Blimbing, Kota Malang, Jawa Timur 65126","",
Puskesmas Pembantu Putat Jaya,Pusat Kesehatan Masyarakat,,"No Jl. Kupang Gn. Bar. Gg. IV No.25, Putat Jaya, Sawahan, Surabaya, East Java 60256",082140620055,
Puskesmas Pembantu Sawunggaling,Pusat Kesehatan Masyarakat,,"Jl. Gajah Mada I No.65, RT.004/RW.12, Sawunggaling, Kec. Wonokromo, Surabaya, Jawa Timur 60242","",
Puskesmas Pembantu Simo Katrungan,Pusat Kesehatan Masyarakat,,"Jl. Simo Katerungan No.8, Banyu Urip, Kec. Sawahan, Surabaya, Jawa Timur 60281","",
Puskesmas Pembantu Tegalrejo,Pusat Kesehatan Masyarakat,,"Jl. Tompeyan No.218, Tegalrejo, Yogyakarta City, Special Region of Yogyakarta 55244",081217800960,
Puskesmas Peneleh,Pusat Kesehatan Masyarakat,,"Jl. Makam Peneleh No.35, Peneleh, Kec. Genteng, Surabaya, Jawa Timur 60274",0315343473,
Puskesmas Plamongan Sari,Pusat Kesehatan Masyarakat,,"Jl. Plamongansari V, Plamongan Sari, Kec. Pedurungan, Kota Semarang, Jawa Tengah 50192",081127008945,
Puskesmas Polanharjo,Pusat Kesehatan Masyarakat,,"Jl. Cokro - Tulung, Plumbon, Karanglo, Kec. Polanharjo, Kabupaten Klaten, Jawa Tengah 57474",08112766601,
Puskesmas Polehan,Klinik Tanpa Perjanjian,,"Jl. Werkudoro No.3, Polehan, Kec. Blimbing, Kota Malang, Jawa Timur 65126",0341359434,
Puskesmas Poncol,Pusat Kesehatan Masyarakat,,"Jl. Imam Bonjol No.114, Sekayu, Kec. Semarang Tengah, Kota Semarang, Jawa Tengah 50132",082226242789,
Puskesmas Prambanan,Pusat Kesehatan Masyarakat,,"Jl. Raya Solo - Yogyakarta No.19, Tegalbarong, Kemudo, Kec. Prambanan, Kabupaten Klaten, Jawa Tengah 57454",0274498044,
Puskesmas Prambanan Klaten Cabang,Pusat Kesehatan Masyarakat,,"Jl. Raya Jogjakarta Solo No.16, Tegalsanggrahan, Sanggrahan, Kec. Prambanan, Kabupaten Klaten, Jawa Tengah 57454","",
Puskesmas Pucang Sewu,Pusat Kesehatan Masyarakat,,"Jl. Pucang Anom Tim. No.72, Pucang Sewu, Kec. Gubeng, Surabaya, Jawa Timur 60283",0315018527,
Puskesmas Pundong,Pusat Kesehatan Masyarakat,,"Jl. Piring, Piring, Srihardono, Kec. Pundong, Kabupaten Bantul, Daerah Istimewa Yogyakarta 55771",02746464142,
Puskesmas Purwoyoso,Pusat Kesehatan Masyarakat,,"Jl. Siliwangi No.572, Purwoyoso, Kec. Ngaliyan, Kota Semarang, Jawa Tengah 50145",0247612927,
Puskesmas Putat Jaya,Pusat Kesehatan Masyarakat,,"Kupang Gn. Tim. Gg. V, Putat Jaya, Kec. Sawahan, Surabaya, Jawa Timur 60256",0315687637,
Puskesmas Rampal Celaket,Pusat Kesehatan Masyarakat,,"Jl. Simpang Jl. Kasembon No.5, Rampal Celaket, Kec. Klojen, Kota Malang, Jawa Timur 65141",0341356380,
Puskesmas Randusari,Pusat Kesehatan Masyarakat,,"7GC9+99V Puskesmas Randusari, Randusari, Kec. Prambanan, Kabupaten Klaten, Jawa Tengah 57454","",
Puskesmas Rangkah Surabaya,Pusat Kesehatan Masyarakat,,"Jl. Rangkah VII No.94, Rangkah, Kec. Tambaksari, Surabaya, Jawa Timur 60114",082132228432,
Puskesmas Rawat Inap Sleman Nyaen,Pusat Kesehatan Masyarakat,,"Jl. Pandowoharjo, Nyaen, Pandowoharjo, Kec. Sleman, Kabupaten Sleman, Daerah Istimewa Yogyakarta 55512",02744538578,
Puskesmas Sarijadi,Pusat Kesehatan Masyarakat,,"Jl. Sariasih No.76, RT.06/RW.09, Sarijadi, Kec. Sukasari, Kota Bandung, Jawa Barat 40151",082120991131,
Puskesmas Sawahan,Pusat Kesehatan Masyarakat,,"Jl. Arjuno No.119, Sawahan, Kec. Sawahan, Surabaya, Jawa Timur 60251",082229938164,
Puskesmas Sekeloa,Rumah Sakit,,"Jl. Tubagus Ismail Bawah No.4, Lebakgede, Kecamatan Coblong, Kota Bandung, Jawa Barat 40132",082318526676,
Puskesmas Simomulyo,Pusat Kesehatan Masyarakat,,"Jl. Gumuk Bogo No.1, Simomulyo, Sukomanunggal, Surabaya, East Java 60281",0315312201,
Puskesmas Srondol,Pusat Kesehatan Masyarakat,,"Jl. Setia Budi No.209, Srondol Kulon, Kec. Banyumanik, Kota Semarang, Jawa Tengah 50263",0895332947444,
Puskesmas Taman Sari Kota bandung,Pusat Kesehatan Masyarakat,,"Jl. Kb. Bibit Utara II No.182/58, Tamansari, Kec. Bandung Wetan, Kota Bandung, Jawa Barat 40116","",
Puskesmas Tambakaji,Pusat Kesehatan Masyarakat,,"Jl. Walisongo No.KM. 9, Tambakaji, Kec. Ngaliyan, Kota Semarang, Jawa Tengah 50182",0248661743,
Puskesmas Tambaksari,Klinik Tanpa Perjanjian,,"2J9G+5QG Puskesmas Tambaksari, Kauman, Kec. Klojen, Kota Malang, Jawa Timur 65119",0341834695,
Puskesmas Tanah Kali Kedinding,Pusat Kesehatan Masyarakat,,"Jalan HM Noer No.226, Tanah Kali Kedinding, Kec. Kenjeran, Surabaya, Jawa Timur 60129",081228434764,
Puskesmas Tegalmulyo,Pusat Kesehatan Masyarakat,,"Jl. Tegalmulyo No.I, Pakuncen, Wirobrajan, Kota Yogyakarta, Daerah Istimewa Yogyakarta 55253","",
Puskesmas Tembok Dukuh,Pusat Kesehatan Masyarakat,,"Jl. Kalibutuh No.26, Tembok Dukuh, Kec. Bubutan, Surabaya, Jawa Timur 60252",0315343410,
Puskesmas Tlogosari Wetan,Pusat Kesehatan Masyarakat,,"Jl. Soekarno Hatta No.6, Tlogosari Kulon, Kec. Pedurungan, Kota Semarang, Jawa Tengah 50246",0246713083,
Puskesmas Trucuk 1,Pusat Kesehatan Masyarakat,,"Sudimoro, RT 007/004, Sudimoro, Puluhan, Kec. Trucuk, Kabupaten Klaten, Jawa Tengah 57467","",
Puskesmas Trucuk 2,Pusat Kesehatan Masyarakat,,"Jalan Raya, Wanglu, Kec. Trucuk, Kabupaten Klaten, Jawa Tengah 57467",081215964351,
Puskesmas Tulung,Pusat Kesehatan Masyarakat,,"CJ67+GMR Puskesmas Tulung, Jl. Raya Tulung - Ngangkruk, Dayu, Tulung, Kec. Tulung, Kabupaten Klaten, Jawa Tengah 57482","",
Puskesmas Waingapu,Pusat Kesehatan Masyarakat,,"Jl. Banyu Urip No.8, Kupang Krajan, Sawahan, Surabaya, East Java 60253","",
Puskesmas Wedi,Pusat Kesehatan Masyarakat,,"Dusun II, Gadungan, Kec. Wedi, Kabupaten Klaten, Jawa Tengah 57461",0272333298,
Puskesmas Wirogunan,Pusat Kesehatan Masyarakat,,"59QG+W66 Puskesmas Wirogunan, Wirogunan, Mergangsan, Yogyakarta City, Special Region of Yogyakarta 55151","",
Puskesmas Wonokromo,Pusat Kesehatan Masyarakat,,"Jl. Karangrejo VI No.4, Wonokromo, Kec. Wonokromo, Surabaya, Jawa Timur 60243",0318281647,
Puskesmas Wonosari 1,Pusat Kesehatan Masyarakat,,"Jl. Pakis - Daleman, Dusun I, Bentangan, Wonosari, Klaten Regency, Central Java 57473",0272552730,
Puskesmas Wonosari 2 Klaten,Dokter,,"Gergunung, Kingkang, Kec. Wonosari, Kabupaten Klaten, Jawa Tengah 57473",02715721059,
Puskeswan Kota Malang,Dokter Hewan,,"Jl. Sarangan No.29, Lowokwaru, Kec. Lowokwaru, Kota Malang, Jawa Timur 65141",081311808167,
Qeza Clinic Surabaya Timur,Klinik Perawatan Kulit,,"Ruko Icon, Jl. Dr. Ir. H. Soekarno 21 S32, Semolowaru, Kec. Sukolilo, Surabaya, Jawa Timur 60117",081329274228,
Rawat Inap Puskesmas Trucuk,Pusat Kesehatan Masyarakat,,"Jl. Ngaran - Cawas No.15, Jatisari, Kradenan, Kec. Trucuk, Kabupaten Klaten, Jawa Tengah 57467",02723101747,
RH Glow Clinic Malang Kota,Klinik Perawatan Kulit,,"Jl. Bunga Coklat No.Kav. 3, RT.02/RW.12, Tulusrejo, Kec. Lowokwaru, Kota Malang, Jawa Timur 65141",08113666652,
RSPAL dr RAMELAN SURABAYA,Rumah Sakit Militer,,"Jl. Gadung No.1, Jagir, Kec. Wonokromo, Surabaya, Jawa Timur 60244",0318438153,
Rumah Kadhita ( Praktek Mandiri Bidan Ika ),Klinik Kesehatan,,"Jl. Sriwibowo Dalam No.145, Kembangarum, Kec. Semarang Barat, Kota Semarang, Jawa Tengah 50183","",
Rumah praktek mandiri,Klinik Medis,,"Duko Timur, Pakong, Kec. Pakong, Kabupaten Pamekasan, Jawa Timur 69352",087750363949,
Sehati Medika Karanganyar (Praktik Dokter Afina Mirra),Klinik Medis,,"Wonorejo, RT.01/RW.17, Bejen, Kec. Karanganyar, Kabupaten Karanganyar, Jawa Tengah 57719",082225664172,
Siloam Hospitals Semarang,Rumah Sakit,,"Jl. Kompol Maksum No.296, Peterongan, Kec. Semarang Sel., Kota Semarang, Jawa Tengah 50242","",
Skin's Essential Clinic,Klinik Perawatan Kulit,,"Jl. MH Thamrin No.53-55, Miroto, Kec. Semarang Tengah, Kota Semarang, Jawa Tengah 50134",0243575577,
Solushe Clinic Wiyung,Klinik Perawatan Kulit,,"Jl. Wiyung Praja No.8, Wiyung, Kec. Wiyung, Surabaya, Jawa Timur 60222",085232200084,
"Sozo Skin Clinic - Malang | Klinik Kecantikan Terdekat, Harga Terjangkau",Klinik Perawatan Kulit,,"Jl. Pahlawan Trip No.23, Oro-oro Dowo, Kec. Klojen, Kota Malang, Jawa Timur 65145",085175225664,
"Sozo Skin Clinic - Semarang | Klinik Kecantikan Terdekat, Harga Terjangkau",Klinik Perawatan Kulit,,"Jl. Mayjend Sutoyo No.93, Karangkidul, Semarang Tengah, Semarang City, Central Java 50136",085175225664,
Surabaya Skin Centre Klinik Spesialis Kulit & Kelamin,Klinik Spesialis,,"Jl. Prof. DR. Moestopo No.175, Mojo, Kec. Gubeng, Surabaya, Jawa Timur 60285",0315999595,
Tempat Praktek Mandiri Dokter Hj. Dyah Rahmani S,Klinik Kesehatan,,"Jl. Wolter Monginsidi No.313, Genuksari, Kec. Genuk, Kota Semarang, Jawa Tengah 50117",085726915643,
Tempat Praktek Mandiri Dokter Kepatihan,Klinik Kesehatan,,"dukuh rejosari No.rt 005/001, Ngasinan, Kepatihan, Kec. Selogiri, Kabupaten Wonogiri, Jawa Tengah 57652",088214796345,
Tempat Praktik Mandiri Dokter Irmayanti Soeratmi,Dokter,,"Jl. Puri Gn. Anyar Regency No.K21, Gn. Anyar Tambak, Kec. Gn. Anyar, Surabaya, Jawa Timur 60294",03158284046,
Titian Medika,Klinik Medis,,"Jl. Tri Brata No.I/4, Klitren, Gondokusuman, Yogyakarta City, Special Region of Yogyakarta 55222",082338562074,
TOOTH.O - PRAKTEK MANDIRI DRG. AGATHA (Dokter Gigi Solo Karanganyar),Dokter Gigi,,"FQ4P+JWW TOOTH.O - PRAKTEK MANDIRI DRG. AGATHA (Dokter Gigi Solo Karanganyar), Jl. Baturan Raya, Klemburan, Baturan, Kec. Colomadu, Kabupaten Karanganyar, Jawa Tengah 57171",081385001001,
UGD PUSKESMAS PRAMBANAN KLATEN,Pusat Kesehatan Masyarakat,,"Jl. Raya Solo - Yogyakarta No.KM.19, Tegalsanggrahan, Kemudo, Prambanan, Klaten Regency, Central Java 57454","",
UPTD Puskesmas Babatan,Dinas Kesehatan,,"Jl. Babatan No.4, Kb. Jeruk, Kec. Andir, Kota Bandung, Jawa Barat 40181",0224263746,
UPTD Puskesmas Cibuntu,Pusat Kesehatan Masyarakat,,"Jl. Syahbandar No.1, Caringin, Kec. Bandung Kulon, Kota Bandung, Jawa Barat 40212",0226008944,
UPTD Puskesmas Cijerah,Pusat Kesehatan Masyarakat,,"Jalan Mekar Hegar 1, komplek BTN Saibi No.1, RT.3/RW.08, Cijerah, Kec. Bandung Kulon, Kota Bandung, Jawa Barat 40213","",
UPTD Puskesmas Garuda,Pusat Kesehatan Masyarakat,,"Jl. Dadali No.81, Garuda, Kec. Andir, Kota Bandung, Jawa Barat 40184",0226013885,
UPTD Puskesmas Karanganyar,Pusat Kesehatan Masyarakat,,"Jalan Tirto No.29E, Karanganyar, Kec. Tugu, Kota Semarang, Jawa Tengah 50152",082118184488,
UPTD Puskesmas Krobokan,Pusat Kesehatan Masyarakat,,"Jl. Tri Tunggal, Tawangmas, Kec. Semarang Barat, Kota Semarang, Jawa Tengah 50144","",
UPTD Puskesmas Lamper Tengah,Pusat Kesehatan Masyarakat,,"Gg. XV No.18, Lamper Tengah, Kec. Semarang Sel., Kota Semarang, Jawa Tengah 50248",0248444808,
UPTD Puskesmas Margahayu Raya,Pusat Kesehatan Masyarakat,,"Jl. Pluto Raya No.54, Margasari, Kec. Buahbatu, Kota Bandung, Jawa Barat 40286",0227505457,
UPTD Puskesmas Padangsari,Pusat Kesehatan Masyarakat,,"Jl. Meranti Raya No.389, Padangsari, Kec. Banyumanik, Kota Semarang, Jawa Tengah 50263",0247472460,
UPTD Puskesmas Padasuka Kota Bandung,Pusat Kesehatan Masyarakat,,"Jl. Padasuka No.3, Padasuka, Cibeunying Kidul, Bandung City, West Java 40125",0227272113,
UPTD Puskesmas Salam Kota Bandung,Pusat Kesehatan Masyarakat,,"Jl. Salam No.27, Cihapit, Kec. Bandung Wetan, Kota Bandung, Jawa Barat 40114",0227234610,
"UPTD PUSKESMAS SUKAHAJI, KOTA BANDUNG",Pusat Kesehatan Masyarakat,,"Jl. H. Zakaria Belakang No.24, Sukahaji, Kec. Babakan Ciparay, Kota Bandung, Jawa Barat 40221",085176820946,
UPTD Puskesmas Sukajadi,Pusat Kesehatan Masyarakat,,"Jl. Sukagalih No.26, Cipedes, Kec. Sukajadi, Kota Bandung, Jawa Barat 40162",02264401018,
UPTD Puskesmas Tamblong,Pusat Kesehatan Masyarakat,,"Jl. Tamblong No.66, Kb. Pisang, Kec. Sumur Bandung, Kota Bandung, Jawa Barat 40112",02220522822,
UPT Puskesmas Ibrahim Adjie,Pusat Kesehatan Masyarakat,,"Jl. Ibrahim Adjie No.88, Kebonwaru, Kec. Batununggal, Kota Bandung, Jawa Barat 40272",0227208355,
UPT Puskesmas Janti,Pusat Kesehatan Masyarakat,,"Jl. Mergan Raya Gg. 5 No.25, Tanjungrejo, Kec. Sukun, Kota Malang, Jawa Timur 65147","",
UPT Puskesmas Pagarsih,Pusat Kesehatan Masyarakat,,"Jl. Pagarsih No.95, Cibadak, Kec. Astanaanyar, Kota Bandung, Jawa Barat 40241",02220567702,
UPT Puskesmas Pandanwangi,Pusat Kesehatan Masyarakat,,"Jl. Laksda Adi Sucipto No.315, Pandanwangi, Kec. Blimbing, Kota Malang, Jawa Timur 65126",0341484472,
UPT PUSKESMAS PASIRKALIKI,Pusat Kesehatan Masyarakat,,"Jl. Pasir Kaliki No.188, RT.02/RW.01, Pasir Kaliki, Kec. Cicendo, Kota Bandung, Jawa Barat 40171",082130520103,
UPT Puskesmas Pasundan Kota Bandung,Pusat Kesehatan Masyarakat,,"Jl. Pasundan No.99, Balonggede, Kec. Regol, Kota Bandung, Jawa Barat 40251","",
UPT Puskesmas Puter,Pusat Kesehatan Masyarakat,,"Jl. Puter No.3, Sadang Serang, Kecamatan Coblong, Kota Bandung, Jawa Barat 40133",0222500334,
UPT Puskesmas SUKARASA,Pusat Kesehatan Masyarakat,,"Jl. Gegerkalong Hilir No.157, Sukarasa, Kec. Sukasari, Kota Bandung, Jawa Barat 40152",0222004741,
Vena Wasir Center - Klinik Dokter Semarang,Klinik Spesialis,,"Jl. Kedungmundu No.92, Tandang, Kec. Tembalang, Kota Semarang, Jawa Tengah 50274",08119555100,
VIVA Apotek Simogunung,Apotek,,"Jl. Simo Gn. Kramat Tim. No.5, RT.003/RW.02, Putat Jaya, Kec. Sawahan, Surabaya, Jawa Timur 60254",08113048228,
ZAP Clinic Malang,Klinik Perawatan Kulit,,"Jl. Buring No.30, Oro-oro Dowo, Klojen, Malang City, East Java 65119",03413012799,
ZAP Clinic - Semarang,Klinik Perawatan Kulit,,"Jl. Gajahmada No.148, Brumbungan, Kec. Semarang Tengah, Kota Semarang, Jawa Tengah 50134",0243547777,
ZAP Premiere Surabaya,Klinik Perawatan Kulit,,"Jl. Dr. Soetomo No.76, DR. Soetomo, Kec. Tegalsari, Surabaya, Jawa Timur 60264",03135934011,
